id,title,时效性,效力位阶,制定机关,发文字号,公布日期,实施日期,原文链接,city_name
1,佛山市禅城区“十二五”人才发展规划,现行有效,地方工作文件,佛山市禅城区人民政府,,2011,2011,https://www.pkulaw.com/lar/d7cd113f691fdf07801f75ced9e06385bdfb.html,佛山市
2,重庆市人力资源和社会保障局关于开展2011年全市技工学校教师职称系列专业技术职务任职资格申报评审工作的通知,现行有效,地方工作文件,重庆市人力资源和社会保障局,渝人社办〔2011〕156号,2011,2011,https://www.pkulaw.com/lar/751868e68ae34b21eee57b2a7ef4b6efbdfb.html,重庆市
3,南昌市人民政府办公厅转发市人力资源和社会保障局、市财政局关于南昌市市直其他事业单位绩效工资实施方案的通知,现行有效,地方工作文件,南昌市人民政府,洪府厅发〔2011〕5号,2011.01.11,2011.01.11,https://www.pkulaw.com/lar/d46150633aed7eb641b44ad277a8bdebbdfb.html,南昌市
4,银川市人民政府办公厅关于印发政府工作报告任务分工的通知,现行有效,地方工作文件,银川市人民政府,银政办发〔2011〕1号,2011.02.11,2011.02.11,https://www.pkulaw.com/lar/6cbc1b2d9187d6b15295a556e9751616bdfb.html,银川市
5,无锡市人民政府关于印发无锡市国民经济和社会发展第十二个五年规划纲要的通知,现行有效,地方工作文件,无锡市人民政府,锡政发〔2011〕27号,2011.02.18,2011.02.18,https://www.pkulaw.com/lar/3ef1146617dca0625a55538e4f29fee8bdfb.html,无锡市
6,东营市科学技术协会关于成立东营博士协会相关事宜的通知,现行有效,地方工作文件,东营市科学技术协会,东科协〔2011〕7号,2011.02.24,2011.02.24,https://www.pkulaw.com/lar/4f35ffe97aa5fef5130354fe24fc62edbdfb.html,东营市
7,龙岩市人民政府关于印发龙岩市高技能人才培养规划(2010～2020)的通知,现行有效,地方工作文件,龙岩市人民政府,龙政综[2011]67号,2011.03.04,2011.03.04,https://www.pkulaw.com/lar/6739584900419a3d1183a18124badc49bdfb.html,龙岩市
8,深圳市人力资源和社会保障局关于做好我市2011年人才引进工作有关事项的通知,现行有效,地方工作文件,深圳市人力资源和社会保障局,深人社发〔2011〕30号,2011.03.07,2011.03.14,https://www.pkulaw.com/lar/0799117485bd5a3bfd1d4e67ced7a2c1bdfb.html,深圳市
9,石家庄市人民政府办公厅关于印发石家庄市人力资源和社会保障事业发展十二五规划的通知,现行有效,地方工作文件,石家庄市人民政府,石政办发〔2011〕24号,2011.04.21,2011.04.21,https://www.pkulaw.com/lar/e0286dccf5dc6047cdffd94460d4c414bdfb.html,石家庄市
10,邯郸市人民政府办公厅关于印发邯郸市国民经济和社会发展第十二个五年规划纲要的通知,现行有效,地方工作文件,邯郸市人民政府,,2011.04.22,2011.04.22,https://www.pkulaw.com/lar/556673d86c77243642013cc6f4150756bdfb.html,邯郸市
11,厦门市人民政府办公厅关于印发厦门市财政第十二个五年发展规划的通知,现行有效,地方工作文件,厦门市人民政府,厦府办〔2011〕101号,2011.05.12,2011.05.12,https://www.pkulaw.com/lar/21b6fbee014ce0ca78bad13d87bc1275bdfb.html,厦门市
12,广州市人民政府印发广州区域金融中心建设规划(2011―2020年)的通知,现行有效,地方工作文件,广州市人民政府,穗府〔2011〕8号,2011.05.19,2011.05.19,https://www.pkulaw.com/lar/0ef857c0d1b6c2f540d386f190b4e8eabdfb.html,广州市
13,"青岛市人民政府国有资产监督管理委员会关于印发《青岛市国有企业“十二五”期间转方式、调结构,实现科学发展规划纲要》的通知",现行有效,地方工作文件,青岛市人民政府国有资产监督管理委员会,青国资委[2011]31号,2011.05.29,2011.05.29,https://www.pkulaw.com/lar/5917ecff09da970ea754fcbe2409b997bdfb.html,青岛市
14,成都市劳动和社会保障局关于印发《2010年成都市人才资源状况报告》和《2011年成都市重点产业和新兴产业人才开发目录》的通知,现行有效,地方工作文件,成都市劳动和社会保障局,,2011.05.30,2011.05.30,https://www.pkulaw.com/lar/deb4b678ceecc5fd8020a880298e83e6bdfb.html,成都市
15,阜阳市人民政府办公室关于推进城市商贸服务业发展示范区建设的意见,废止或失效,地方工作文件,阜阳市人民政府,阜政办〔2011〕29号,2011.06.04,2011.06.04,https://www.pkulaw.com/lar/6e1289f3016bb664992fd1ec91e7f554bdfb.html,阜阳市
16,昆明市人民政府办公厅关于印发昆明市拓展高端信息化指导意见和昆明市物联网产业发展规划纲要(2011—2015年)的通知,废止或失效,地方工作文件,昆明市人民政府,昆政办〔2011〕84号,2011.06.24,2011.06.24,https://www.pkulaw.com/lar/d12257a4bc44015719c1fb4885d7b136bdfb.html,昆明市
17,雅安市人民代表大会常务委员会关于审议《中华人民共和国农业技术推广法》实施情况报告的意见,现行有效,地方工作文件,雅安市人大(含常委会),,2011.06.30,2011.06.30,https://www.pkulaw.com/lar/69b1292cbd7fcc0fe2e9b37b0c7a3823bdfb.html,雅安市
18,中共上海市教育卫生工作委员会、上海市教育委员会关于印发《上海教育人才“十二五”发展规划纲要》的通知,现行有效,地方工作文件,上海市教育卫生工作委员会;上海市教育委员会,沪教委人〔2011〕40号,2011.07.01,2011.07.01,https://www.pkulaw.com/lar/576acb4b18eed7843b57b199cd331de5bdfb.html,上海市
19,嘉兴市人民政府办公室关于印发嘉兴市人力资源和社会保障局主要职责内设机构和人员编制规定的通知,现行有效,地方工作文件,嘉兴市人民政府,嘉政办发〔2011〕95号,2011.07.05,2011.07.05,https://www.pkulaw.com/lar/039b84118b0fab368c35c4c7332ef81ebdfb.html,嘉兴市
20,中共渭南高新区工委、渭南高新区管委会关于印发渭南高新技术产业开发区人才特区建设规划(2011―2015)的通知,现行有效,地方工作文件,中共渭南高新区工委;渭南高新技术产业开发区管理委员会,,2011.07.07,2011.07.07,https://www.pkulaw.com/lar/43d8be73c5978db93b0ddafae1fb06efbdfb.html,渭南高新区
21,东莞市人民政府关于印发《东莞市先进制造业发展“十二五”规划》的通知,废止或失效,地方工作文件,东莞市人民政府,东府办〔2011〕92号,2011.07.20,2011.07.20,https://www.pkulaw.com/lar/6e2fa2ca4001a4a7778b0b1295034e64bdfb.html,东莞市
22,大连市人民政府办公厅关于印发大连市中长期教育改革和发展规划纲要(2010—2020年)任务分工的通知,现行有效,地方工作文件,大连市人民政府,大政办发〔2011〕92号,2011.08.16,2011.08.16,https://www.pkulaw.com/lar/1d7449cc3c4ca8d9feaf76fce9d06bbabdfb.html,大连市
23,海口市人民政府关于印发我市“十二五”知识产权发展规划的通知,废止或失效,地方工作文件,海口市人民政府,,2011.08.24,2011.08.24,https://www.pkulaw.com/lar/e36f0a5c4583d5fb96817cfce44af281bdfb.html,海口市
24,泉州市人民政府关于印发《“十二五”“智能泉州”建设专项规划》的通知,现行有效,地方工作文件,泉州市人民政府,泉政文[2011]211号,2011.08.28,2011.08.28,https://www.pkulaw.com/lar/8d4c276338d371787647fd9d84451d74bdfb.html,泉州市
25,西安市人民政府办公厅关于印发西安统筹科技资源改革示范基地建设规划的通知,现行有效,地方工作文件,西安市人民政府,市政办发〔2011〕147号,2011.08.29,2011.08.29,https://www.pkulaw.com/lar/b7ffae536ce958b6298d1b85d9afd49fbdfb.html,西安市
26,北京市人民政府关于印发北京市“十二五”时期科技北京发展建设规划的通知,废止或失效,地方工作文件,北京市人民政府,京政发〔2011〕46号,2011.09.01,2011.09.01,https://www.pkulaw.com/lar/29a1a5167367b3e368677166a23be227bdfb.html,北京市
27,济南市人民政府关于印发济南市“十二五”金融业发展规划的通知,现行有效,地方工作文件,济南市人民政府,济政发〔2011〕32号,2011.09.21,2011.09.21,https://www.pkulaw.com/lar/03cc548efdbee6179303636a07b5a22cbdfb.html,济南市
28,宁波市人民政府关于印发宁波市“十二五”人才发展规划的通知,现行有效,地方工作文件,宁波市人民政府,甬政发〔2011〕115号,2011.11.01,2011.11.01,https://www.pkulaw.com/lar/17383cc0abdd028288c2ca6e5791a686bdfb.html,宁波市
29,绍兴市人民政府关于印发绍兴市区物流业发展规划(2011－2015年)的通知,现行有效,地方工作文件,绍兴市人民政府,绍政发〔2011〕76号,2011.11.15,2011.11.15,https://www.pkulaw.com/lar/6a869540811c395159e53067b5669b81bdfb.html,绍兴市
30,池州市人民政府关于印发池州市十二五工业和信息化发展规划纲要的通知,废止或失效,地方工作文件,池州市人民政府,池政[2011]96号,2011.12.08,2011.12.08,https://www.pkulaw.com/lar/b40b0a01919707282e3e3dd86596f518bdfb.html,池州市
31,中共杭州市委办公厅、杭州市人民政府办公厅关于印发《杭州打造民营经济强市三年行动计划(2011—2013年)》的通知,现行有效,地方工作文件,杭州市人民政府;中共杭州市委,市委办发〔2011〕135号,2011.12.09,2011.12.09,https://www.pkulaw.com/lar/057b77b8440b822340d21779254fc16ebdfb.html,杭州市
32,郴州市人民政府关于印发郴州市加快培育和发展战略性新兴产业“十二五”总体规划纲要及有关专项规划的通知,现行有效,地方工作文件,郴州市人民政府,郴政发〔2011〕20号,2011.12.15,2011.12.15,https://www.pkulaw.com/lar/47e850e0c80a43b99bdc42dd980777f8bdfb.html,郴州市
33,随州市人民政府关于印发《随州市“十二五”文化体育新闻出版文物事业发展规划》的通知,现行有效,地方工作文件,随州市人民政府,,2011.12.21,2011.12.21,https://www.pkulaw.com/lar/f51b19e916e2dedec3bcf7002d32bca6bdfb.html,随州市
34,辽阳市人民政府办公室关于深入推进创建国家级创业型城市工作的通知,现行有效,地方工作文件,辽阳市人民政府,辽市政发〔2012〕4号,2012.01.11,2012.01.11,https://www.pkulaw.com/lar/6d32154c6966ea2b70dd04a911cc7b19bdfb.html,辽阳市
35,南宁市人民政府办公厅关于印发2012年南宁市国家电子商务示范城市创建工作目标任务的通知,废止或失效,地方工作文件,南宁市人民政府,南府办〔2012〕13号,2012.01.21,2012.01.21,https://www.pkulaw.com/lar/2e9d6c27942a7b27c6c5f221cd22c157bdfb.html,南宁市
36,中共晋城市委、晋城市人民政府关于深入贯彻党的十七届六中全会精神加快建设文化强市的实施意见,现行有效,地方工作文件,晋城市人民政府,晋市发〔2012〕16号,2012.02.08,2012.02.08,https://www.pkulaw.com/lar/70a5821eb90290b865411099490943c0bdfb.html,晋城市
37,横县人民政府关于印发横县“十二五”人才发展规划的通知,现行有效,地方工作文件,横县人民政府,横政发[2012]8号,2012.02.29,2012.02.29,https://www.pkulaw.com/lar/0202c7b1b911966f7e0fe94b106dc34bbdfb.html,横县
38,柳州市人民政府办公室关于印发《柳州市卫生事业“十二·五”发展规划》的通知,现行有效,地方工作文件,柳州市人民政府,柳政办〔2012〕37号,2012.02.29,2012.02.29,https://www.pkulaw.com/lar/80985e11b7c807c4f5d556c66d2ee8e1bdfb.html,柳州市
39,天津市滨海新区人民政府关于印发滨海新区十二五时期综合配套改革试验规划的通知,现行有效,地方工作文件,天津市滨海新区人民政府,,2012.03.27,2012.03.27,https://www.pkulaw.com/lar/81ffb9c25a1ef5c7aad49f1a2e23c430bdfb.html,天津市
40,南平市人民政府办公室关于印发南平市公务员局主要职责内设机构和人员编制规定的通知,现行有效,地方工作文件,南平市人民政府,南政办〔2012〕72号,2012.04.18,2012.04.18,https://www.pkulaw.com/lar/9b63c1883b087b64a334f8fbbcb070abbdfb.html,南平市
41,萍乡市人民政府办公室转发市人力资源和社会保障局关于萍乡市人力资源和社会保障事业发展“十二五”规划的通知,现行有效,地方工作文件,萍乡市人民政府,萍府办发〔2012〕18号,2012.05.18,2012.05.18,https://www.pkulaw.com/lar/f0e9f9727a0afa24411f3115f6203f2dbdfb.html,萍乡市
42,惠州市人民政府办公室关于推进我市LED产业发展的实施意见,现行有效,地方工作文件,惠州市人民政府,惠府办〔2012〕20号,2012.05.22,2012.05.22,https://www.pkulaw.com/lar/f50f52e79c8c761de5ee2b9e544c852dbdfb.html,惠州市
43,吉安市人民政府办公室关于印发吉安市工业和信息化发展“十二五”规划的通知,现行有效,地方工作文件,吉安市人民政府,吉府办发〔2012〕12号,2012.05.23,2012.05.23,https://www.pkulaw.com/lar/4513c37d4d2fe9d879ad064247fa421bbdfb.html,吉安市
44,北海市人民政府办公室关于印发北海市“十二五”人才发展规划的通知,现行有效,地方工作文件,北海市人民政府,北政办[2012]203号,2012.06.07,2012.06.07,https://www.pkulaw.com/lar/ba383e7ade4338a26314b08b4da1eff3bdfb.html,北海市
45,长沙市科学技术局关于开展长沙市境外高层次人才问卷调查工作的通知,现行有效,地方工作文件,长沙市科学技术局,,2012.07.03,2012.07.03,https://www.pkulaw.com/lar/90388ae5b68dc2bda1c3d38e78e07420bdfb.html,长沙市
46,唐山市曹妃甸新区管理委员会关于招聘医院、学校工作人员的公告,现行有效,地方工作文件,唐山市曹妃甸新区管理委员会,,2012.07.04,2012.07.04,https://www.pkulaw.com/lar/ad46f353a01821193aa832272ff8b99ebdfb.html,唐山市
47,宁德市人民政府关于贯彻落实国家知识产权战略纲要的实施意见,现行有效,地方工作文件,宁德市人民政府,宁政〔2012〕22号,2012.07.11,2012.07.11,https://www.pkulaw.com/lar/158258e1f8124d2fa232ffba586cc30fbdfb.html,宁德市
48,桂林市人民政府关于印发桂林市加快发展资源节约型环境友好型产业工作方案的通知,现行有效,地方工作文件,桂林市人民政府,市政[2012]103号,2012.09.14,2012.09.14,https://www.pkulaw.com/lar/3480c25333182b733c4304ce55897d6fbdfb.html,桂林市
49,南通市人民政府办公室关于印发《南通市“十二五”文化发展规划》的通知,现行有效,地方工作文件,南通市人民政府,通政办发〔2012〕172号,2012.10.08,2012.10.08,https://www.pkulaw.com/lar/20d3b15da9c0305027c094ba6dc4470bbdfb.html,南通市
50,合肥市人民政府关于印发合肥市国民经济和社会发展第十二个五年规划纲要(修订)的通知,现行有效,地方工作文件,合肥市人民政府,合政〔2012〕229号,2012.11.15,2012.11.15,https://www.pkulaw.com/lar/34fc5dc387d6f14554d5a99e4969a921bdfb.html,合肥市
51,衡水市人民政府关于印发衡水市金融产业发展(2012―2015年)实施意见的通知,废止或失效,地方工作文件,衡水市人民政府,衡政〔2012〕83号,2012.11.30,2012.11.30,https://www.pkulaw.com/lar/ad869263c71ce48aa5d28ffdc94a1716bdfb.html,衡水市
52,苏州市人民政府关于印发苏州市电子商务“十二五”发展规划的通知,现行有效,地方工作文件,苏州市人民政府,苏府〔2012〕267号,2012.12.18,2012.12.18,https://www.pkulaw.com/lar/d424e293d1bd38cacb991062ada891fcbdfb.html,苏州市
53,扬州市人民政府关于印发《扬州市人力资源和社会保障事业发展十二五专项规划》的通知,现行有效,地方工作文件,扬州市人民政府,扬府发〔2013〕7号,2013.01.12,2013.01.12,https://www.pkulaw.com/lar/e454de5c844e225f649dd9168bf1ed9dbdfb.html,扬州市
54,黔东南州人民政府办公室关于“第一届中国贵州人才博览会”黔东南州参会工作实施方案的通知,现行有效,地方工作文件,黔东南苗族侗族自治州人民政府,,2013.03.02,2013.03.02,https://www.pkulaw.com/lar/b7b7e91ccaee13155d1ec1018b585569bdfb.html,黔东南州
55,桐乡市人民政府关于切实做好2013年度人力资源和社会保障工作的通知,现行有效,地方工作文件,桐乡市人民政府,桐政发〔2013〕31号,2013.03.26,2013.03.26,https://www.pkulaw.com/lar/3ae9d44decc8ad608565fcb1b6b424a0bdfb.html,桐乡市
56,甘孜藏族自治州人民政府印发甘孜州加快发展中藏医药产业实施方案的通知,现行有效,地方工作文件,甘孜藏族自治州人民政府,甘府发〔2013〕15号,2013.04.19,2013.04.19,https://www.pkulaw.com/lar/a2686517f9095f9a736cb49b3cf21f82bdfb.html,甘孜藏族自治州
57,兰州市卫生局关于印发《进一步加强医院管理提高服务质量确保医疗安全提升年活动实施方案》的通知,现行有效,地方工作文件,兰州市卫生局,兰卫医发〔2013〕373号,2013.07.30,2013.07.30,https://www.pkulaw.com/lar/065e0b5a047701f4cb87dd409a432f79bdfb.html,兰州市
58,石柱土家族自治县人民政府办公室关于印发石柱县深化医药卫生体制改革2013年工作安排的通知,现行有效,地方工作文件,石柱土家族自治县人民政府,,2013.08.23,2013.08.23,https://www.pkulaw.com/lar/cdfccd2f095195e04e91e3ee1a215092bdfb.html,石柱县
59,嘉善县人民政府办公室关于《上半年政府工作报告》人大审议意见的答复,现行有效,地方工作文件,嘉善县人民政府,,2013.11.27,2013.11.27,https://www.pkulaw.com/lar/b52fd31eeed53ee35e4b0ea6770c9ab1bdfb.html,嘉善县
60,磐安县人民政府关于印发创建浙江省卫生强县工作实施方案的通知,现行有效,地方工作文件,磐安县人民政府,,2013.11.29,2013.11.29,https://www.pkulaw.com/lar/ca3b79a9fb78be4113b8b3a65f6c2d84bdfb.html,磐安县
61,沈阳市人民政府关于加快推进IC装备产业发展的实施意见,废止或失效,地方工作文件,沈阳市人民政府,沈政发〔2013〕48号,2013.12.17,2013.12.17,https://www.pkulaw.com/lar/28eb7371ee15b258a28b9b04470468d4bdfb.html,沈阳市
62,政协大同市委员会关于完善和改进我市人才工作的提案答复,现行有效,地方工作文件,政协大同市委员会,市政协十三届三次会议第180号,2014,2014,https://www.pkulaw.com/lar/dbf45513f75e998af2b0a87fd4ef0fd4bdfb.html,大同市
63,威海市人民政府办公室关于印发2014年《政府工作报告》目标任务分解意见的通知,现行有效,地方工作文件,威海市人民政府,威政办发〔2014〕1号,2014.01.14,2014.01.14,https://www.pkulaw.com/lar/4341d92ae3a69d23b0d54fdf00ef24d3bdfb.html,威海市
64,洛阳市人民政府关于印发洛阳市工业机器人及智能装备产业三年攻坚行动计划的通知,现行有效,地方工作文件,洛阳市人民政府,洛政〔2014〕3号,2014.01.21,2014.01.21,https://www.pkulaw.com/lar/bea5ec29d9557caa152876ce1f820c8fbdfb.html,洛阳市
65,抚顺市卫生和计划生育委员会关于印发2014年抚顺市卫生计生工作要点的通知,现行有效,地方工作文件,抚顺市卫生和计划生育委员会,抚卫函〔2014〕30号,2014.04.17,2014.04.17,https://www.pkulaw.com/lar/8e49922bf4c772d5126c95faa64f46e3bdfb.html,抚顺市
66,酒泉市人民政府办公室关于印发酒泉市煤化工等六个百亿元循环经济产业链实施方案的通知,现行有效,地方工作文件,酒泉市人民政府,酒政办发〔2014〕100号,2014.04.22,2014.04.22,https://www.pkulaw.com/lar/c22a82214997123b311136866ff53a8dbdfb.html,酒泉市
67,三明市人民政府办公室关于印发三明市电子商务产业发展规划(2014—2018年)的通知,现行有效,地方工作文件,三明市人民政府,明政办〔2014〕56号,2014.06.04,2014.06.04,https://www.pkulaw.com/lar/c788536c614bd6ce5d61e566c88b4057bdfb.html,三明市
68,濮阳市人民政府办公室关于印发濮阳市“131”工程发展规划(2014—2018年)的通知,现行有效,地方工作文件,濮阳市人民政府,濮政办〔2014〕35号,2014.06.12,2014.06.12,https://www.pkulaw.com/lar/43968a14f4187b6826393de6a43810bbbdfb.html,濮阳市
69,福州市人民政府关于印发福州市电子商务发展中长期规划(2014―2020年)的通知,现行有效,地方工作文件,福州市人民政府,榕政综〔2014〕175号,2014.07.28,2014.07.28,https://www.pkulaw.com/lar/af4d47404b58dfa719b2c3adf51f4cbebdfb.html,福州市
70,襄阳市人民政府办公室关于印发《襄阳高新区行政审批管理服务创新实施方案(试行)》等八个实施方案的通知,现行有效,地方工作文件,襄阳市人民政府(原襄樊市政府),襄政办发〔2014〕66号,2014.09.23,2014.09.23,https://www.pkulaw.com/lar/6a64789202e37f1377e7c91e95854911bdfb.html,襄阳市
71,区政府办公室关于印发《海陵区关于加快和促进中医药事业发展的实施方案》的通知,现行有效,地方工作文件,泰州市海陵区人民政府,,2014.11.05,2014.11.05,https://www.pkulaw.com/lar/c46c036faa96f26bacd4524715206333bdfb.html,泰州市
72,巴中市人民政府办公室关于印发巴中高新技术产业园区总体规划的通知,废止或失效,地方工作文件,巴中市人民政府,巴府办发〔2014〕55号,2014.12.24,2014.12.24,https://www.pkulaw.com/lar/097585dee75270c2d8a62f54492c7fddbdfb.html,巴中市
73,宿迁市人民政府办公室关于加强技能人才队伍建设促进产业转型升级的实施意见,现行有效,地方工作文件,宿迁市人民政府,宿政办发〔2014〕242号,2014.12.29,2014.12.29,https://www.pkulaw.com/lar/0e4e3b2c475bf04985bf0eaca995e24bbdfb.html,宿迁市
74,太原市人民政府办公厅关于印发太原市人力资源和社会保障局主要职责内设机构和人员编制规定的通知,现行有效,地方工作文件,太原市人民政府,并政办发〔2014〕83号,2014.12.31,2014.12.31,https://www.pkulaw.com/lar/7d4b1399e9ddb904b2f4c2811b732bedbdfb.html,太原市
75,金华市人民政府关于积极稳妥推进户籍制度改革的实施意见,废止或失效,地方工作文件,金华市人民政府,金政发〔2015〕13号,2015.03.08,2015.03.08,https://www.pkulaw.com/lar/262242663afca2eb383f465c09be0b16bdfb.html,金华市
76,崇明县十五届人大常委会第二十八次会议关于本县生态旅游业发展情况报告的审议意见,现行有效,地方工作文件,崇明县人大(含常委会),,2015.06.23,2015.06.23,https://www.pkulaw.com/lar/0c4af4dc887a2f7f79634c6d74159476bdfb.html,崇明县
77,衢州市人民政府关于对省十二届人大三次会议衢65号建议的答复,现行有效,地方工作文件,衢州市人民政府,衢政办函[2015]37号,2015.08.11,2015.08.11,https://www.pkulaw.com/lar/45ef5f1f6d38192441e1689599488582bdfb.html,衢州市
78,马鞍山市经信委关于市政协九届三次会议第19号提案办理情况的答复函,现行有效,地方工作文件,马鞍山市人民政府,马经信函[2015]25号,2015.10.08,2015.10.08,https://www.pkulaw.com/lar/54f0a4463fbce3e733d386aea3de7dcbbdfb.html,马鞍山市
79,潍坊市人民政府关于印发潍坊市现代物流基地建设计划(2015－2017)的通知,废止或失效,地方工作文件,潍坊市人民政府,潍政字〔2015〕60号,2015.11.07,2015.11.07,https://www.pkulaw.com/lar/936e4ccbb30e6054d4f746b47197c159bdfb.html,潍坊市
80,亳州市人民政府关于印发亳州市食品工业发展实施方案的通知,废止或失效,地方工作文件,亳州市人民政府,亳政秘〔2015〕186号,2015.11.19,2015.11.19,https://www.pkulaw.com/lar/6ba62f8b29d2d2a5b911ca8c3d56002ebdfb.html,亳州市
81,沭阳县政府办公室关于印发沭阳县青年人才务农创业资助券工作实施方案的通知,现行有效,地方工作文件,沭阳县人民政府,沭政办发〔2015〕178号,2015.12.15,2015.12.15,https://www.pkulaw.com/lar/9799d61a97a5b112a0aa899910682c36bdfb.html,沭阳县
82,盘锦市人民政府办公室关于印发加快推进全市资本运作工作实施方案的通知,现行有效,地方工作文件,盘锦市人民政府,盘政办发〔2015〕133号,2015.12.15,2015.12.15,https://www.pkulaw.com/lar/fd284359c608ddb796601a53418d9001bdfb.html,盘锦市
83,中山市人民政府关于印发中山市建设创新型城市工作方案的通知,现行有效,地方工作文件,中山市人民政府,,2015.12.16,2015.12.16,https://www.pkulaw.com/lar/1ea4f01ba0f395e32c09b2a04add76fabdfb.html,中山市
84,张家口市人民政府关于加快冰雪运动振兴发展的意见(2016―2022年),现行有效,地方工作文件,张家口市人民政府,张政发〔2016〕7号,2016,2016,https://www.pkulaw.com/lar/8f8656161131b5145b4426d7ba5230bebdfb.html,张家口市
85,朔州市人民政府关于印发朔州市水污染防治工作方案的通知,现行有效,地方工作文件,朔州市人民政府,朔政发〔2016〕5号,2016.01.20,2016.01.20,https://www.pkulaw.com/lar/75de886d2030e56282404bd9b46f48debdfb.html,朔州市
86,淮南市住房保障和房产管理局关于开展2016年度淮南市公共租赁住房及租赁住房补贴申请审核工作的通知,现行有效,地方工作文件,淮南市住房保障和房产管理局,淮保办〔2016〕4号,2016.02.18,2016.02.18,https://www.pkulaw.com/lar/17a44393b3dffa7c93c2333c5238185dbdfb.html,淮南市
87,文山州人民政府关于印发加快培育三七产业龙头企业工作计划(2016—2020年)的通知,现行有效,地方工作文件,文山壮族苗族自治州人民政府,文政发〔2016〕19号,2016.02.25,2016.02.25,https://www.pkulaw.com/lar/ecb28250b3a4ea88b33d3d1bd7ba531dbdfb.html,文山州
88,乐清市广播电视台关于印发《乐清市广播电视台“十三五”工作思路》的通知,现行有效,地方工作文件,乐清市人民政府,乐广电〔2016〕6号,2016.03.07,2016.03.07,https://www.pkulaw.com/lar/292e5cbb9877d8298e085344f8898227bdfb.html,乐清市
89,铜川市人民政府关于印发铜川市国民经济和社会发展第十三个五年规划纲要的通知,现行有效,地方工作文件,铜川市人民政府,铜政发[2016]9号,2016.03.11,2016.03.11,https://www.pkulaw.com/lar/fc6e9743b7b29231b269a16a7dbaa747bdfb.html,铜川市
90,区政府办公室关于印发武进区“互联网+工业”三年行动纲要(2016－2018年)的通知,现行有效,地方工作文件,常州市武进区人民政府,武政办发〔2016〕50号,2016.03.21,2016.03.21,https://www.pkulaw.com/lar/0cfc65213f70c1534c6a994601cf97aebdfb.html,常州市
91,驻马店市人民政府办公室关于印发驻马店市2016年服务企业工作实施方案通知,现行有效,地方工作文件,驻马店市人民政府,驻政办〔2016〕33号,2016.03.25,2016.03.25,https://www.pkulaw.com/lar/09ba4364d9024cbc722e6a74286dab70bdfb.html,驻马店市
92,平顶山市人民政府办公室关于印发平顶山市2016年企业服务工作实施方案的通知,现行有效,地方工作文件,平顶山市人民政府,平政办〔2016〕22号,2016.04.01,2016.04.01,https://www.pkulaw.com/lar/396923522100211a5ca43037b7b92e79bdfb.html,平顶山市
93,开封市人民政府关于印发开封市国民经济和社会发展第十三个五年规划纲要的通知,现行有效,地方工作文件,开封市人民政府,汴政〔2016〕29号,2016.05.13,2016.05.13,https://www.pkulaw.com/lar/0f0c916bfe689aa391b54ff92008dc1cbdfb.html,开封市
94,信阳市人民政府关于印发信阳市国民经济和社会发展第十三个五年规划纲要的通知,现行有效,地方工作文件,信阳市人民政府,信政文〔2016〕57号,2016.05.16,2016.05.16,https://www.pkulaw.com/lar/27dec30f5bd554096fd857c3bbefb301bdfb.html,信阳市
95,新余市人民政府办公室关于印发促进新余市大数据发展实施方案的通知,现行有效,地方工作文件,新余市人民政府,余府办发〔2016〕28号,2016.05.24,2016.05.24,https://www.pkulaw.com/lar/0a482dbe5366baa8f57b907189d4da63bdfb.html,新余市
96,新乡市人民政府关于印发新乡市国民经济和社会发展第十三个五年规划纲要的通知,现行有效,地方工作文件,新乡市人民政府,新政〔2016〕1号,2016.05.26,2016.05.26,https://www.pkulaw.com/lar/da8b5547ff48b85778065c6570aaacb2bdfb.html,新乡市
97,商丘市人民政府关于印发商丘市国民经济和社会发展第十三个五年规划纲要的通知,现行有效,地方工作文件,商丘市人民政府,商政〔2016〕17号,2016.05.31,2016.05.31,https://www.pkulaw.com/lar/13a49faaf411ea8e19100ae95bf4b765bdfb.html,商丘市
98,东阳市人民政府办公室关于印发《东阳市户籍制度改革工作方案》的通知,现行有效,地方工作文件,东阳市人民政府,东政办发〔2016〕133号,2016.06.16,2016.06.16,https://www.pkulaw.com/lar/d0cabd04446c0154c5234f1040c61180bdfb.html,东阳市
99,宜昌市人民政府办公室关于印发宜昌市推进供给侧结构性改革五大任务财政行动方案的通知,现行有效,地方工作文件,宜昌市人民政府,宜府办发〔2016〕39号,2016.06.16,2016.06.16,https://www.pkulaw.com/lar/824761a04b857bca2cf31bdb0aff3558bdfb.html,宜昌市
100,平凉市人民政府办公室关于印发平凉市“十三五”科技创新发展规划的通知,现行有效,地方工作文件,平凉市人民政府,平政办发〔2016〕69号,2016.06.17,2016.06.17,https://www.pkulaw.com/lar/09ad220124b9cde4646aa8769a5faa6fbdfb.html,平凉市
101,佳木斯市人力资源和社会保障局关于在我市举办省内高校毕业生信息推介人才合作对接工作会议的通知,现行有效,地方工作文件,佳木斯市人力资源和社会保障局,,2016.06.20,2016.06.20,https://www.pkulaw.com/lar/843d5a203fd4384e600be6b7e10ed058bdfb.html,佳木斯市
102,贵州省教育厅对省十二届人大四次会议第111号建议的答复,现行有效,地方工作文件,贵州省教育厅,,2016.06.30,2016.06.30,https://www.pkulaw.com/lar/27892f8148e9961f1e5f09df9115ddc0bdfb.html,贵阳市
103,自贡市人民政府办公室印发关于大力发展“智慧交通”的提案办理实施方案的通知,废止或失效,地方工作文件,自贡市人民政府,自府办发〔2016〕20号,2016.07.08,2016.07.08,https://www.pkulaw.com/lar/3fe7fd15caf24a242ea47b035ddf091fbdfb.html,自贡市
104,淮安市政府办公室关于印发淮安市“十三五”人才发展规划的通知,现行有效,地方工作文件,淮安市人民政府,淮政办发〔2016〕90号,2016.07.11,2016.07.11,https://www.pkulaw.com/lar/965245b9f362be60b6aa5199bb7afa13bdfb.html,淮安市
105,莆田市人民政府办公室关于印发莆田市“十三五”信息经济发展专项规划的通知,现行有效,地方工作文件,莆田市人民政府,莆政办〔2016〕119号,2016.07.18,2016.07.18,https://www.pkulaw.com/lar/212347432faf8d0fff3a623c62cd5b87bdfb.html,莆田市
106,平阳县人民政府关于印发平阳教育“补短板、育亮点、促提升”三年行动计划(2016―2018年)的通知,现行有效,地方工作文件,平阳县人民政府,平政办〔2016〕128号,2016.07.20,2016.07.20,https://www.pkulaw.com/lar/dd9c8a47ad4076f7f10eff4243647c08bdfb.html,平阳县
107,泸州市人民政府关于印发中国制造2025泸州行动方案的通知,现行有效,地方工作文件,泸州市人民政府,泸市府发〔2016〕46号,2016.08.29,2016.08.29,https://www.pkulaw.com/lar/b196ae5fefadccf16d8509cfe457147ebdfb.html,泸州市
108,珠海高栏港经济区管委会党政办公室关于印发《高栏港经济区鼓励企业创新驱动暂行措施》的通知,现行有效,地方工作文件,珠海高栏港经济区管理委员会,珠港办〔2016〕96号,2016.09.07,2016.09.07,https://www.pkulaw.com/lar/c328249bc2b7e6c481365b52abe525edbdfb.html,珠海市
109,咸宁市人民政府办公室关于落实咸宁市国民经济和社会发展第十三个五年规划纲要主要目标和任务分工的通知,现行有效,地方工作文件,咸宁市人民政府,咸政办函〔2016〕53号,2016.09.18,2016.09.18,https://www.pkulaw.com/lar/130ffed725d4964c945f15bfeb4d1431bdfb.html,咸宁市
110,汕头市龙湖区人民政府关于印发龙湖区关于实施创新驱动促进民营经济大发展大提升的发展战略与若干措施的通知,现行有效,地方工作文件,汕头市龙湖区人民政府,,2016.09.27,2016.09.27,https://www.pkulaw.com/lar/4fcf253209252e880324d9e9c8a4cb6fbdfb.html,汕头市
111,呼和浩特市人民政府关于印发《呼和浩特市现代服务业发展三年行动计划(2016—2018)》的通知,现行有效,地方工作文件,呼和浩特市人民政府,呼政发〔2016〕41号,2016.09.28,2016.09.28,https://www.pkulaw.com/lar/5a14de87382b4f93c1ae678c3f7a1349bdfb.html,呼和浩特市
112,钦北区人民政府关于印发钦北区现代农业科技园区建设实施方案的通知,现行有效,地方工作文件,钦北区人民政府,,2016.10.13,2016.10.13,https://www.pkulaw.com/lar/34c214b654888fc015b8eaa4ae3d591cbdfb.html,钦州市
113,十堰市人民政府办公室关于分解落实十堰市国民经济和社会发展第十三个五年规划纲要主要目标和任务工作分工的通知,现行有效,地方工作文件,十堰市人民政府,十政办发〔2016〕113号,2016.10.14,2016.10.14,https://www.pkulaw.com/lar/8ed43f32e68e029f78bb05c998158fb9bdfb.html,十堰市
114,鞍山高新技术产业开发区管理委员会关于印发《高新区落实＜市第十二次党代会工作任务＞分解方案》的通知,现行有效,地方工作文件,鞍山高新技术产业开发区管理委员会,鞍高开发[2016]83号,2016.10.18,2016.10.18,https://www.pkulaw.com/lar/0f9e33ebcba7bb83cdb9d593fe6f2cccbdfb.html,鞍山市
115,黄石市人民政府办公室关于印发黄石市人力资源和社会保障事业发展“十三五”规划的通知,现行有效,地方工作文件,黄石市人民政府,,2016.10.21,2016.10.21,https://www.pkulaw.com/lar/0ee9564ddde1a02366eb20191cb0a04abdfb.html,黄石市
116,白银市人民政府关于印发白银市“十三五”电子商务发展规划的通知,现行有效,地方工作文件,白银市人民政府,市政发〔2016〕224号,2016.10.31,2016.10.31,https://www.pkulaw.com/lar/1a8504adba93b774c1a6820bf223d8f1bdfb.html,白银市
117,阜新市人民政府办公室关于印发阜新市区域卫生规划(2016—2020年)的通知,废止或失效,地方工作文件,阜新市人民政府,阜政办发〔2016〕85号,2016.11.04,2016.11.04,https://www.pkulaw.com/lar/dbed60d35bf3b0e88ba283d7d8f6a7bbbdfb.html,阜新市
118,昆山市政府办公室关于印发昆山市开放型经济创新提升三年行动计划的通知,现行有效,地方工作文件,昆山市人民政府,昆政办发〔2016〕229号,2016.12.01,2016.12.01,https://www.pkulaw.com/lar/dc8cd51f73727aec3712bf6bed5e932cbdfb.html,昆山市
119,攀枝花市人民政府办公室关于印发《攀枝花市系统推进全面创新改革试验实施方案》《攀枝花市系统推进全面创新改革试验2016年工作计划》的通知,现行有效,地方工作文件,攀枝花市人民政府,攀办发〔2016〕68号,2016.12.06,2016.12.06,https://www.pkulaw.com/lar/d14207f665efcaeb43dcd2b1ab4d5ffdbdfb.html,攀枝花市
120,芜湖市人民政府关于印发加快知识产权强市建设实施方案的通知,现行有效,地方工作文件,芜湖市人民政府,芜政〔2016〕109号,2016.12.07,2016.12.07,https://www.pkulaw.com/lar/0b48694a81acbbf9875480b12216bcaabdfb.html,芜湖市
121,九江市人民政府关于印发“智慧九江”总体规划纲要(2016―2020年)的通知,废止或失效,地方工作文件,九江市人民政府,九府发〔2016〕18号,2016.12.22,2016.12.22,https://www.pkulaw.com/lar/f664f7470e21d39c6044f94c39be65a0bdfb.html,九江市
122,忻州市人民政府办公厅关于印发忻州市金融业“十三五”发展规划(2016—2020年)的通知,现行有效,地方工作文件,忻州市人民政府,忻政办发〔2016〕202号,2016.12.26,2016.12.26,https://www.pkulaw.com/lar/8e424a8b3a1d05fa75b42112edac40b8bdfb.html,忻州市
123,双鸭山市人民政府关于印发《双鸭山市国民经济和社会发展第十三个五年规划纲要》的通知,现行有效,地方工作文件,双鸭山市人民政府,双政发〔2016〕15号,2016.12.27,2016.12.27,https://www.pkulaw.com/lar/c23002492934bb4447f5162bff723aa3bdfb.html,双鸭山市
124,中共龙州县委员会办公室、龙州县人民政府办公室关于印发《龙州县工业产业转型升级三年攻坚行动计划(2016―2018年)》的通知,现行有效,地方工作文件,龙州县人民政府;中共龙州县委员会,龙办发[2016]46号,2016.12.29,2016.12.29,https://www.pkulaw.com/lar/c73c21b86a72ef17905651b7eed5ce46bdfb.html,龙州县
125,六盘水市人民政府办公室关于印发六盘水市基层医疗卫生服务能力三年提升计划(2016—2018年)的通知,现行有效,地方工作文件,六盘水市人民政府,六盘水府办函〔2016〕106号,2016.12.30,2016.12.30,https://www.pkulaw.com/lar/46bbf32f269402093d05239fded79742bdfb.html,六盘水市
126,梅州市人民政府办公室关于印发2017年市政府重点工作责任分工表和2017年市十件民生实事责任分工表的通知,现行有效,地方工作文件,梅州市人民政府,梅市府办函〔2017〕8号,2017.01.17,2017.01.17,https://www.pkulaw.com/lar/3c7d1203490d9b8c73bac8ab2b8df468bdfb.html,梅州市
127,临沂市人民政府办公室关于转发临沂市邮政业发展“十三五”专项规划的通知,现行有效,地方工作文件,临沂市人民政府,临政办发〔2017〕4号,2017.01.25,2017.01.25,https://www.pkulaw.com/lar/5fcf6f2ef9d6804521db190265eaf0ccbdfb.html,临沂市
128,晋中市人民政府关于印发晋中市扶持“转型项目优势企业”实施方案的通知,现行有效,地方工作文件,晋中市人民政府,市政发〔2017〕10号,2017.03.02,2017.03.02,https://www.pkulaw.com/lar/06ae0fa345a8c84e89bc5364c1b92a77bdfb.html,晋中市
129,淄博市人力资源和社会保障局关于印发淄博市人力资源和社会保障事业发展“十三五”规划纲要的通知,现行有效,地方工作文件,淄博市人力资源和社会保障局,淄人社发〔2017〕22号,2017.03.27,2017.03.27,https://www.pkulaw.com/lar/f47935de6b2d9905989ca66289c4bbe7bdfb.html,淄博市
130,楚雄州人民政府办公室关于印发楚雄州“抓两头带中间”加快推进民族团结进步示范区建设行动方案的通知,现行有效,地方工作文件,楚雄彝族自治州人民政府,楚政办函〔2017〕38号,2017.04.20,2017.04.20,https://www.pkulaw.com/lar/0a667979c94d025f7ed27a677a4a3f9cbdfb.html,楚雄州
131,宣城市人民政府办公室关于印发宣城市社会办中医试点工作方案的通知,现行有效,地方工作文件,宣城市人民政府,宣政办秘[2017]106号,2017.05.10,2017.05.10,https://www.pkulaw.com/lar/89888fa830b49dd9696246c6a2e08103bdfb.html,宣州市
132,玉林市玉州区人民政府办公室关于印发玉林市玉州区人力资源和社会保障事业发展“十三五”规划的通知,现行有效,地方工作文件,玉州区人民政府,玉区政办[2017]26号,2017.05.28,2017.05.28,https://www.pkulaw.com/lar/f89b526eb6239d22f39e1e8f41e9a750bdfb.html,玉林市
133,遂宁市人民政府办公室关于印发遂宁市“十三五”产业园区发展规划的通知,现行有效,地方工作文件,遂宁市人民政府,,2017.06.01,2017.06.01,https://www.pkulaw.com/lar/5df010bf4dba458c65983b3348b6ad1cbdfb.html,遂宁市
134,徐州市教育局对市政协十五届一次会议第4257号提案的答复,现行有效,地方工作文件,徐州市教育局,徐教案〔2017〕18号,2017.06.14,2017.06.14,https://www.pkulaw.com/lar/035f1b4d735c66cb7728b720366122c4bdfb.html,徐州市
135,江阴市人民政府关于印发《江阴市“十三五”教育发展规划》的通知,现行有效,地方工作文件,江阴市人民政府,澄政办发〔2017〕47号,2017.06.23,2017.06.23,https://www.pkulaw.com/lar/1fb3ad1939417ccc246abcc3f8d9f862bdfb.html,江阴市
136,鹰潭市人民政府办公室关于印发鹰潭市贯彻新理念培育新动能2017年工作要点的通知,现行有效,地方工作文件,鹰潭市人民政府,鹰府办字〔2017〕106号,2017.07.03,2017.07.03,https://www.pkulaw.com/lar/a6825111f293e248ce87e4ab1d6580fdbdfb.html,鹰潭市
137,吐鲁番市人民政府关于印发吐鲁番市健康扶贫工程实施方案的通知,废止或失效,地方工作文件,吐鲁番市人民政府,吐政办[2017]127号,2017.07.05,2017.07.05,https://www.pkulaw.com/lar/38d00df2106f8d450292524c75c468a6bdfb.html,吐鲁番市
138,滁州市人民政府办公室关于印发滁州市红色旅游发展规划纲要(2016―2020)的通知,现行有效,地方工作文件,滁州市人民政府,滁政办〔2017〕37号,2017.07.24,2017.07.24,https://www.pkulaw.com/lar/7ed0d63d691c18cf21a971aa5028fd55bdfb.html,滁州市
139,关于郑州市批准为国家中心城市的人才需求的提案的答复,现行有效,地方工作文件,郑州航空港经济综合实验区管理委员会,,2017.08.11,2017.08.11,https://www.pkulaw.com/lar/7598c894809175c52cf85c75750727c7bdfb.html,郑州市
140,怒江傈僳族自治州人民政府关于印发怒江州2017年深化医药卫生体制改革重点工作任务的通知,现行有效,地方工作文件,怒江傈僳族自治州人民政府,怒政办发〔2017〕76号,2017.08.18,2017.08.18,https://www.pkulaw.com/lar/3b49188f6184abf35586cbf0496cc599bdfb.html,怒江州
141,茂名市人民政府办公室关于印发茂名市物流业发展“十三五”规划的通知,现行有效,地方工作文件,茂名市人民政府,,2017.09.18,2017.09.18,https://www.pkulaw.com/lar/8d1b04ccb5479cf7a3ad68ead3001b10bdfb.html,茂名市
142,西宁市人民政府办公厅关于开展全市非公经济发展调研工作的通知,现行有效,地方工作文件,西宁市人民政府,宁政办〔2017〕219号,2017.10.10,2017.10.10,https://www.pkulaw.com/lar/e32945465f9cb6d7d4601ff3534359e4bdfb.html,西宁市
143,内江市人民政府办公室关于印发《内江市家庭服务业2017—2020年专项行动计划》的通知,现行有效,地方工作文件,内江市人民政府,内府办发[2017]92号,2017.10.13,2017.10.13,https://www.pkulaw.com/lar/86a72ff40604b7906ba2de1b129e86f6bdfb.html,内江市
144,黑龙江省人民政府关于支持哈尔滨工业大学加快世界一流大学建设的意见,现行有效,地方工作文件,黑龙江省人民政府,黑政发〔2017〕13号,2017.10.24,2017.10.24,https://www.pkulaw.com/lar/db3f8b27452684b902601c47cf677b96bdfb.html,哈尔滨市
145,辽源市人民政府办公室关于市发展改革委辽源市物流业降本增效专项行动方案(2016—2018年)的通知,现行有效,地方工作文件,辽源市人民政府,辽府办发〔2017〕25号,2017.10.26,2017.10.26,https://www.pkulaw.com/lar/0bb7c708a0e7426f037a9e699c64a658bdfb.html,辽源市
146,运城市人民政府办公厅关于印发运城市参与建设丝绸之路经济带和21世纪海上丝绸之路实施方案的通知,现行有效,地方工作文件,运城市人民政府,运政办发〔2017〕94号,2017.10.30,2017.10.30,https://www.pkulaw.com/lar/03bdd264def114e16bdfcebfd695aca4bdfb.html,运城市
147,吕梁市人民政府办公厅关于进一步做好“数谷吕梁·智赢未来”吕梁大数据产业发展工作的通知,现行有效,地方工作文件,吕梁市人民政府,吕政办发〔2017〕102号,2017.11.21,2017.11.21,https://www.pkulaw.com/lar/1a4571d564c68149c8075dd9797365cbbdfb.html,吕梁市
148,港北区人民政府办公室印发关于坚定不移推进农业供给侧结构性改革大力培育港北区农业农村发展新动能的实施方案的通知,现行有效,地方工作文件,港北区人民政府,港北政办发[2017]21号,2017.11.22,2017.11.22,https://www.pkulaw.com/lar/37f3d7e77fcb256e7d3cc4a8fa907059bdfb.html,贵港市
149,丹东市人民政府办公室关于印发智慧丹东建设实施方案(2017―2020年)的通知,现行有效,地方工作文件,丹东市人民政府,丹政办发〔2017〕69号,2017.11.23,2017.11.23,https://www.pkulaw.com/lar/8daeeffee3543cd31d16e2269b84ff79bdfb.html,丹东市
150,贺州市人民政府办公室关于印发贺州市卫生与健康“十三五”规划的通知,废止或失效,地方工作文件,贺州市人民政府,贺政办发〔2017〕153号,2017.11.27,2017.11.27,https://www.pkulaw.com/lar/81823039a418df9af95bb9a1d5529c29bdfb.html,贺州市
151,广安市人民政府关于印发广安市“十三五”老龄事业发展和养老体系建设规划的通知,现行有效,地方工作文件,广安市人民政府,广安府发〔2017〕31号,2017.12.06,2017.12.06,https://www.pkulaw.com/lar/8dba39f47a9c7b3312ef126da4a35567bdfb.html,广安市
152,宜春市人民政府办公室关于印发宜春市农业投资支持政策十条(试行)的通知,现行有效,地方工作文件,宜春市人民政府,,2017.12.12,2017.12.12,https://www.pkulaw.com/lar/6e9e28db458d74d85ce8df1cabdf03f0bdfb.html,宜春市
153,营口市人民政府办公室关于推进营口高新区提档升位的实施意见,现行有效,地方工作文件,营口市人民政府,营政办发〔2017〕69号,2017.12.29,2017.12.29,https://www.pkulaw.com/lar/8b4d7fe2d1572ad673c8c61c86a4feacbdfb.html,营口市
154,石柱土家族自治县人民政府办公室关于印发工业园区企业招工用工留人实施方案的通知,现行有效,地方工作文件,石柱土家族自治县人民政府,工作通知〔2018〕1号,2018.01.08,2018.01.08,https://www.pkulaw.com/lar/22ff5f15e8df275cab9d9e52dddb10ebbdfb.html,石柱土家族自治县
155,缙云县人民政府关于印发缙云县县域医疗服务共同体建设(试点)工作实施方案的通知,现行有效,地方工作文件,缙云县人民政府,缙政发〔2018〕10号,2018.02.01,2018.02.01,https://www.pkulaw.com/lar/da1c873e6c829b8fc40d677203f86886bdfb.html,缙云县
156,烟台市人民政府关于印发烟台市“十三五”老龄事业发展和养老体系建设规划的通知,现行有效,地方工作文件,烟台市人民政府,烟政发〔2018〕10号,2018.02.08,2018.02.08,https://www.pkulaw.com/lar/696e0c6e0465983c75d884e30bf6d994bdfb.html,烟台市
157,赣州市人民政府办公厅关于印发赣州市提升卫生计生服务能力三年行动方案(2018―2020年)的通知,现行有效,地方工作文件,赣州市人民政府,赣市府办发〔2018〕4号,2018.02.09,2018.02.09,https://www.pkulaw.com/lar/c86de35a7fd6bc98bbdf3199e64ce20ebdfb.html,赣州市
158,海盐县人民政府办公室关于印发《海盐县加快发展现代服务业三年行动计划(2018―2020年)》的通知,现行有效,地方工作文件,海盐县人民政府,盐政办发〔2018〕20号,2018.03.09,2018.03.09,https://www.pkulaw.com/lar/048c541571ff193c8eb3d0882410045abdfb.html,海盐县
159,西双版纳州人民政府关于印发加快发展康复辅助器具产业实施方案的通知,现行有效,地方工作文件,西双版纳傣族自治州人民政府,西政发〔2018〕15号,2018.03.28,2018.03.28,https://www.pkulaw.com/lar/37dfb2a4a02c7a9803d6486b6ed683f4bdfb.html,西双版纳州
160,景德镇市人民政府关于印发景德镇市老龄事业发展“十三五”规划的通知,废止或失效,地方工作文件,景德镇市人民政府,景府发〔2018〕3号,2018.04.02,2018.04.02,https://www.pkulaw.com/lar/c8b6e6c1d3000709d0e3e445a994fc0dbdfb.html,景德镇市
161,榆林市人民政府办公室关于印发优化提升营商环境十大行动方案的通知,现行有效,地方工作文件,榆林市人民政府,榆政办发〔2018〕16号,2018.04.12,2018.04.12,https://www.pkulaw.com/lar/498ab9560b537f379080c16897d78e97bdfb.html,榆林市
162,保山市人民政府关于印发保山市技能强市行动计划(2018—2020年)的通知,现行有效,地方工作文件,保山市人民政府,保政发〔2018〕6号,2018.05.14,2018.05.14,https://www.pkulaw.com/lar/09dee185a05a4abde136753486ab7f3bbdfb.html,保山市
163,防城港市人民政府办公室关于印发西部大开发“十三五”规划防城港市工作计划的通知,现行有效,地方工作文件,防城港市人民政府,,2018.05.15,2018.05.15,https://www.pkulaw.com/lar/ec39189bc17b16a0f8d4c90914be0cb7bdfb.html,防城港市
164,沧州市人民政府办公室关于进一步推进物流降本增效促进实体经济发展的实施意见,废止或失效,地方工作文件,沧州市人民政府,沧政办发〔2018〕11号,2018.05.23,2018.05.23,https://www.pkulaw.com/lar/5f6018f97aeecacae1205305d3b224f5bdfb.html,沧州市
165,黄山市人民政府办公厅关于印发加快融入杭州都市圈重点工作安排的通知,现行有效,地方工作文件,黄山市人民政府,黄政办秘〔2018〕69号,2018.05.29,2018.05.29,https://www.pkulaw.com/lar/f81306ed2aea5ec08f7ce049baf78742bdfb.html,黄山市
166,鹿寨县人民政府办公室关于印发《鹿寨县医疗卫生服务体系规划(2016―2020年)》的通知,现行有效,地方工作文件,鹿寨县人民政府,鹿政办发[2018]38号,2018.05.29,2018.05.29,https://www.pkulaw.com/lar/a24be79f804a7c143d7d00c4b6155486bdfb.html,鹿寨县
167,崇左市江州区人民政府办公室关于印发江州区国民经济和社会发展第十三个五年规划纲要实施方案的通知,现行有效,地方工作文件,崇左市江州区人民政府,江政办发[2018]14号,2018.05.30,2018.05.30,https://www.pkulaw.com/lar/ad2d93689554e7c528a05461be30e6a1bdfb.html,崇左市
168,保定市人民政府对政协保定市第十三届委员会第二次会议第95号提案的答复,现行有效,地方工作文件,保定市教育局,,2018.06.07,2018.06.07,https://www.pkulaw.com/lar/0e078b8644fcf8299070ab10b40b1b48bdfb.html,保定市
169,普洱市人民政府关于印发普洱市鼓励社会力量兴办教育促进民办教育健康发展实施方案的通知,现行有效,地方工作文件,普洱市人民政府,普政发〔2018〕67号,2018.06.07,2018.06.07,https://www.pkulaw.com/lar/aca0b10c2c3dd6a042bd3a5b4ceb2d8bbdfb.html,普洱市
170,田阳县人民政府关于印发田阳县深化医药卫生体制改革“十三五”规划的通知,现行有效,地方工作文件,田阳区人民政府,阳政发[2018]18号,2018.06.10,2018.06.10,https://www.pkulaw.com/lar/02f0c92bc9ddfd26d751e7945c64a499bdfb.html,田阳县
171,瑞安市人民政府关于印发瑞安市“亩均论英雄”信息化综合评价及结果应用工作方案的通知,废止或失效,地方工作文件,瑞安市人民政府,瑞政发〔2018〕81号,2018.06.14,2018.06.27,https://www.pkulaw.com/lar/cbd05bdb2103eb96379e1d9c12b260e3bdfb.html,瑞安市
172,云浮市人民政府办公室关于印发《关于加快云浮市生态旅游发展的工作意见》的通知,现行有效,地方工作文件,云浮市人民政府,云府办〔2018〕18号,2018.07.01,2018.07.01,https://www.pkulaw.com/lar/8217f6dc8db83cdabca5bd4de1e6b1f1bdfb.html,云浮市
173,呼伦贝尔市人民政府关于印发《全面提升对外开放水平打造沿边开发开放最具活力合作先导区的实施方案》的通知,现行有效,地方工作文件,呼伦贝尔市人民政府,呼政字〔2018〕114号,2018.07.02,2018.07.02,https://www.pkulaw.com/lar/03e2645271da1ff1eee464d4360a68f0bdfb.html,呼伦贝尔市
174,铜仁市人民政府办公室关于印发铜仁市贯彻落实贵州省基层医疗卫生服务能力三年提升计划2018年实施方案的通知,现行有效,地方工作文件,铜仁市人民政府,铜府办函〔2018〕62号,2018.07.17,2018.07.17,https://www.pkulaw.com/lar/7d241ed3c8dde583d37f208f4c05bcfbbdfb.html,铜仁市
175,宜宾市人民政府关于印发宜宾市“十三五”老龄事业发展和养老体系建设规划的通知,现行有效,地方工作文件,宜宾市人民政府,宜府发〔2018〕10号,2018.08.03,2018.08.03,https://www.pkulaw.com/lar/16d5324f798c2707fce1ec3ad0c645e5bdfb.html,宜宾市
176,锡林郭勒盟行政公署办公室关于印发《锡林郭勒盟振兴蒙医药行动计划实施方案(2018—2025年)》的通知,现行有效,地方工作文件,锡林郭勒盟行政公署,,2018.08.20,2018.08.20,https://www.pkulaw.com/lar/09270d60b7aba849751bbe1345759447bdfb.html,锡林郭勒盟
177,滨州市人民政府关于鼓励社会力量兴办教育促进民办教育健康发展的实施意见,现行有效,地方工作文件,滨州市人民政府,滨政发〔2018〕15号,2018.08.21,2018.08.21,https://www.pkulaw.com/lar/177941400ca6dc91bbf034776c0468ddbdfb.html,滨州市
178,乌海市人民政府办公厅关于印发《乌海市推进企业上市挂牌三年实施方案(2018—2020年)》的通知,现行有效,地方工作文件,乌海市人民政府,乌海政办发〔2018〕29号,2018.08.27,2018.08.27,https://www.pkulaw.com/lar/25d6f4a245ec5cb62fe15cc1de9b4884bdfb.html,乌海市
179,天峨县人民政府办公室关于印发《天峨县深化改革创新优化营商环境实施方案》的通知,现行有效,地方工作文件,天峨县人民政府,峨政办发[2018]127号,2018.08.30,2018.08.30,https://www.pkulaw.com/lar/b059162a048691fdc461008519253b88bdfb.html,天峨县
180,台州市黄岩区人民政府关于印发黄岩区“小微企业三年成长计划”(2018―2020年)的通知,现行有效,地方工作文件,台州市黄岩区人民政府,黄政办发〔2018〕51号,2018.09.07,2018.09.07,https://www.pkulaw.com/lar/a6789622a2686ca9ec8373f2c3c10ae3bdfb.html,台州市
181,石嘴山市人民政府办公室关于印发《石嘴山市创建全国全民运动健身模范市实施方案》的通知,现行有效,地方工作文件,石嘴山市人民政府,石政办发〔2018〕134号,2018.09.25,2018.09.25,https://www.pkulaw.com/lar/d1885860d2cb7ad27f6526f94f9cf63bbdfb.html,石嘴山市
182,岑溪市科学技术和大数据发展局关于加强对中小企业的支持，促进科技成果转化的建议政协提案答复,现行有效,地方工作文件,岑溪市科学技术和大数据发展局,,2019.07.18,2018.10.01,https://www.pkulaw.com/lar/a23e480c1fe6a05aed06989869898588bdfb.html,岑溪市
183,黄南藏族自治州人民政府办公室关于印发黄南州加快推进产业园区改革和创新发展实施方案的通知,现行有效,地方工作文件,黄南藏族自治州人民政府,黄政办〔2018〕155号,2018.10.08,2018.10.08,https://www.pkulaw.com/lar/61395c23adfd4206a3a1018af577a093bdfb.html,黄南藏族自治州
184,靖西市人民政府关于印发靖西市特色加工业发展“十三五”规划的通知,现行有效,地方工作文件,靖西市人民政府,靖政发[2018]35号,2018.10.18,2018.10.18,https://www.pkulaw.com/lar/aad3341c4fa68803e2232f2a8cd4a9eabdfb.html,靖西市
185,阿拉善盟行政公署办公室关于印发《阿拉善盟推进企业上市挂牌三年实施计划(2018—2020年)》的通知,现行有效,地方工作文件,阿拉善盟行政公署,阿署办发〔2018〕54号,2018.11.14,2018.11.14,https://www.pkulaw.com/lar/9d0f622a18f4d50621aa0cb19bf8aa6fbdfb.html,阿拉善盟
186,田林县人民政府办公室关于印发田林县促进县域创新驱动发展工作实施方案(2018―2020年)的通知,现行有效,地方工作文件,田林县人民政府,田政办发[2018]88号,2018.11.27,2018.11.27,https://www.pkulaw.com/lar/008b0ec45d48e1f3e470d56aa55543cabdfb.html,田林县
187,葫芦岛市人民政府办公室关于印发葫芦岛市装配式建筑发展计划(2018—2020年)的通知,现行有效,地方工作文件,葫芦岛市人民政府,葫政办发〔2018〕165号,2018.11.29,2018.11.29,https://www.pkulaw.com/lar/46d6f8981be065025136363f185b5200bdfb.html,葫芦岛市
188,天台县人民政府办公室关于印发天台县“小微企业三年成长计划”(2018—2020年)的通知,现行有效,地方工作文件,天台县人民政府,天政办发〔2018〕65号,2018.12.06,2018.12.06,https://www.pkulaw.com/lar/dbf98786f10f7b4f438c28e468c30a88bdfb.html,天台县
189,梧州市人民政府办公室关于印发我市产业大招商三年行动计划(2018—2020年)的通知,现行有效,地方工作文件,梧州市人民政府,梧政办发[2018]218号,2018.12.07,2018.12.07,https://www.pkulaw.com/lar/48cbdddb9d41a1c8d4fb6005c38d86ecbdfb.html,梧州市
190,永福县人民政府办公室关于印发全县优化营商环境大行动三年实施方案(2018—2020年)的通知,现行有效,地方工作文件,永福县人民政府,永政办发[2018]58号,2018.12.13,2018.12.13,https://www.pkulaw.com/lar/0272070d86569cb3356c3073b2820593bdfb.html,永福县
191,龙门县人民政府办公室关于印发《龙门县校园足球五年发展规划(2018―2022年)》的通知,现行有效,地方工作文件,龙门县人民政府,,2018.12.19,2018.12.19,https://www.pkulaw.com/lar/6dc2aa7833eb570b7f7a4fd5767489c6bdfb.html,龙门县
192,百色市人民政府办公室关于印发西部大开发“十三五”规划百色市(2018—2020年)实施方案的通知,现行有效,地方工作文件,百色市人民政府,百政办发〔2018〕107号,2018.12.21,2018.12.21,https://www.pkulaw.com/lar/b7db33f14dce5afb177f156c820c2c56bdfb.html,百色市
193,宝鸡市人民政府关于印发宝鸡市促进民办教育健康发展实施方案的通知,现行有效,地方工作文件,宝鸡市人民政府,宝政发〔2018〕44号,2018.12.26,2018.12.26,https://www.pkulaw.com/lar/c9b61b746965a3363c5cc58564ff41aabdfb.html,宝鸡市
194,兴业县人民政府办公室关于印发兴业县优化营商环境大行动三年实施方案(2018—2020年)的通知,现行有效,地方工作文件,兴业县人民政府,兴政办发[2018]58号,2018.12.28,2018.12.28,https://www.pkulaw.com/lar/0a0562c671ebc6348c5bf1ba1f73a762bdfb.html,兴业县
195,长治市人民政府关于印发长治市大健康产业发展规划(2018—2030)的通知,现行有效,地方工作文件,长治市人民政府,长政发〔2018〕85号,2018.12.30,2018.12.30,https://www.pkulaw.com/lar/deecba70ca6ff536c3028738e7163896bdfb.html,长治市
196,承德市人民政府对承德市第十四届人民代表大会第四次会议第002号建议的答复,现行有效,地方工作文件,承德市人民政府,承工信提字(2019)第2号,2019,2019,https://www.pkulaw.com/lar/696a1d248a5713a31ae5eaba970c3d16bdfb.html,承德市
197,德阳市人民政府办公室关于印发《德阳市支持大企业大集团培育相关政策措施》的通知,现行有效,地方工作文件,德阳市人民政府,德办发〔2019〕1号,2019.01.09,2019.01.09,https://www.pkulaw.com/lar/40ae566e109fc6a113ad0b02b496b9cabdfb.html,德阳市
198,湖州市人民政府办公室关于推进学前教育规范发展保障和促进幼有所育监督意见办理情况的函,现行有效,地方工作文件,湖州市人民政府,湖政办函〔2018〕16号,2019.01.24,2019.01.24,https://www.pkulaw.com/lar/e60cf6a6ceed3bd1734830931cb54143bdfb.html,湖州市
199,武威市人民政府办公室关于印发《武威市人口发展规划(2016—2030年)》的通知,现行有效,地方工作文件,武威市人民政府,,2019.01.31,2019.01.31,https://www.pkulaw.com/lar/07913360c0fe0563907ce6f41335cc23bdfb.html,武威市
200,河源市人民政府关于印发2019年市《政府工作报告》重点工作督查方案的通知,现行有效,地方工作文件,河源市人民政府,,2019.03.09,2019.03.09,https://www.pkulaw.com/lar/b107792e154e2d193b02fdfc3befc9cabdfb.html,河源市
201,恩施州人民政府办公室关于印发2019年《政府工作报告》重点工作责任分解的通知,现行有效,地方工作文件,恩施土家族苗族自治州人民政府,恩施州政办发〔2019〕8号,2019.03.12,2019.03.12,https://www.pkulaw.com/lar/99e548710b2fd099deaa8c0d9168ab97bdfb.html,恩施州
202,平南县人民政府办公室关于印发平南县鼓励社会力量兴办教育促进民办教育健康发展的实施方案的通知,现行有效,地方工作文件,平南县人民政府,平政办通[2019]20号,2019.03.13,2019.03.13,https://www.pkulaw.com/lar/a0429de3800c1ad0d0e303c72148f64dbdfb.html,平南县
203,眉山市人民政府办公室关于印发眉山市进一步促进返乡下乡创业二十条措施的通知,现行有效,地方工作文件,眉山市人民政府,眉府办发[2019]6号,2019.02.25,2019.03.25,https://www.pkulaw.com/lar/f2a9d8192705232fcee323367102b1e9bdfb.html,眉山市
204,黄冈市人民政府办公室关于印发黄冈市优化营商环境十大专项行动方案的通知,现行有效,地方工作文件,黄冈市人民政府,黄政办发〔2019〕6号,2019.04.02,2019.04.02,https://www.pkulaw.com/lar/221c870d5c5ffc3cb95763f4d86b9114bdfb.html,黄冈市
205,武宣县人民政府办公室关于印发武宣县优化营商环境大行动三年实施方案(2018―2020年)的通知,现行有效,地方工作文件,武宣县人民政府,武政办发[2019]13号,2019.04.03,2019.04.03,https://www.pkulaw.com/lar/246fd1cb2f78a56e7fbdc81e5bc0413bbdfb.html,武宣县
206,苍梧县人民政府办公室关于印发我县优化营商环境大行动三年实施方案(2018―2020年)的通知,现行有效,地方工作文件,广西梧州苍梧县人民政府,苍政办发[2019]33号,2019.04.10,2019.04.10,https://www.pkulaw.com/lar/a72baf755591a27823b6437af06e7dcdbdfb.html,苍梧县
207,肇庆市人民政府关于广东省十三届人大二次会议第1842号代表建议会办意见的函,现行有效,地方工作文件,肇庆市人民政府,肇府函〔2019〕188号,2019.04.18,2019.04.18,https://www.pkulaw.com/lar/86d2f65e62af5701482a9a640759c872bdfb.html,肇庆市
208,拉萨市人民政府办公室关于深化医教协同进一步推进医学教育改革的实施意见,现行有效,地方工作文件,拉萨市人民政府,拉政办发〔2019〕35号,2019.05.05,2019.05.05,https://www.pkulaw.com/lar/a67f8d3dc03c5e03796f06518547736bbdfb.html,拉萨市
209,永州市人民政府关于印发《永州建设创新型城市实施方案》的通知,现行有效,地方工作文件,永州市人民政府,永政发〔2019〕3号,2019.05.20,2019.05.20,https://www.pkulaw.com/lar/40b125c10a9e2605009567fef125a543bdfb.html,永州市
210,南充市人民政府办公室关于印发《南充市促进返乡下乡创业二十二条措施》的通知,现行有效,地方工作文件,南充市人民政府,,2019.05.22,2019.05.22,https://www.pkulaw.com/lar/34d371948ca832507670d6244cd20066bdfb.html,南充市
211,扬中市教育局关于提前储备优秀青年教师的建议,现行有效,地方工作文件,扬中市教育局,扬教〔2019〕97号,2019.06.04,2019.06.04,https://www.pkulaw.com/lar/d0a70162880435d265dc6d11b513545bbdfb.html,扬中市
212,昭平县人民政府关于印发昭平县鼓励社会力量兴办教育促进民办教育健康发展的实施方案的通知,现行有效,地方工作文件,昭平县人民政府,,2019.06.10,2019.06.10,https://www.pkulaw.com/lar/f3ec45248576f52cb31e3b629e13979ebdfb.html,昭平县
213,钟山县人民政府关于印发钟山县鼓励社会力量兴办教育促进民办教育健康发展实施方案的通知,现行有效,地方工作文件,钟山县人民政府,钟政规[2019]1号,2019.06.19,2019.06.19,https://www.pkulaw.com/lar/e2ad1b04a2f6bb76cab0ee633876eaf6bdfb.html,钟山县
214,大新县人民政府办公室关于印发大新县优化营商环境大行动三年实施方案(2018―2020年)的通知,现行有效,地方工作文件,大新县人民政府,新政办发[2019]48号,2019.06.20,2019.06.20,https://www.pkulaw.com/lar/1512a4a916fb7389af0dc073b5c69b88bdfb.html,大新县
215,兴安盟行政公署办公室关于印发《兴安盟建设绿色发展引领区实施方案(2019—2023)》的通知,现行有效,地方工作文件,兴安盟行政公署,兴署办发[2019]26号,2019.06.26,2019.06.26,https://www.pkulaw.com/lar/c6b1695cef5c5b024b072be46e1ab1ecbdfb.html,兴安盟
216,蚌埠市教育局关于市政协第十四届二次会议第238号提案的答复,现行有效,地方工作文件,蚌埠市教育局,蚌教提〔2019〕29号,2019.06.27,2019.06.27,https://www.pkulaw.com/lar/c0a81f8ef66b939ea1ba350014fb78adbdfb.html,蚌埠市
217,江山市人民政府办公室关于对市政协十届三次会议第55号提案的复函,现行有效,地方工作文件,江山市人民政府,,2019.07.01,2019.07.01,https://www.pkulaw.com/lar/ec3e619b6f0d7529ab1d62178b3cff72bdfb.html,江山市
218,环江毛南族自治县人民政府关于印发《环江毛南族自治县国土空间总体规划编制工作实施方案》的通知,现行有效,地方工作文件,环江毛南族自治县人民政府,环政发[2019]44号,2019.08.10,2019.08.10,https://www.pkulaw.com/lar/05e5532324798d11e43261f0800a9616bdfb.html,环江毛南族自治县
219,赤峰市财政局对市七届人大二次会议第72060号建议的答复,现行有效,地方工作文件,赤峰市财政局,,2019.08.15,2019.08.15,https://www.pkulaw.com/lar/74ac65caab4cf1d6614df0727d78c14ebdfb.html,赤峰市
220,鹤壁市人民政府办公室关于印发鹤壁市科技创新三年行动计划(2019—2021年)的通知,现行有效,地方工作文件,鹤壁市人民政府,鹤政办〔2019〕16号,2019.08.21,2019.08.21,https://www.pkulaw.com/lar/9de513b8601ff31831fa5de5135686d1bdfb.html,鹤壁市
221,天水市人民政府关于印发《天水市人口发展规划(2018—2030年)》的通知,现行有效,地方工作文件,天水市人民政府,天政发〔2019〕80号,2019.09.21,2019.09.21,https://www.pkulaw.com/lar/2da11dce29d7f6bf583e42789f0b9fefbdfb.html,天水市
222,鄂尔多斯市人民政府关于印发推进内蒙古国家大数据综合试验区改革实施方案的通知,现行有效,地方工作文件,鄂尔多斯市人民政府,鄂府发[2019]98号,2019.11.19,2019.11.19,https://www.pkulaw.com/lar/7ae6d5783437989cb8564fff3eb114a4bdfb.html,鄂尔多斯市
223,达州市人民政府办公室关于印发《达州市促进返乡下乡创业实施方案》的通知,现行有效,地方工作文件,达州市人民政府,达市府办函〔2019〕96号,2019.12.16,2019.12.16,https://www.pkulaw.com/lar/d4267fc2d64608984bc83fa34456eb45bdfb.html,达州市
224,连云港市人民政府办公室关于印发连云港市青少年竞技体育振兴计划(2019—2026年)的通知,现行有效,地方工作文件,连云港市人民政府,连政办发[2019]116号,2019.12.26,2019.12.26,https://www.pkulaw.com/lar/3ee8ad513379932285279051daef0e20bdfb.html,连云港市
225,廊坊市人民政府关于促进全民健身和体育消费推动体育产业高质量发展的实施方案,现行有效,地方工作文件,廊坊市人民政府,廊政办字[2020]73号,2020,2020,https://www.pkulaw.com/lar/58c3d7cdaaf0aa767677453e2c8cbe1fbdfb.html,廊坊市
226,对市八届人大四次会议第0066号建议的答复,现行有效,地方工作文件,镇江市农业农村局,,2020,2020,https://www.pkulaw.com/lar/918dfddbb059ca5f67cdaa7dd7c8a2f8bdfb.html,镇江市
227,铜陵市人民政府办公室关于印发铜陵市2020年双招双引工作要点的通知,现行有效,地方工作文件,铜陵市人民政府,办[2020]1号,2020.01.20,2020.01.20,https://www.pkulaw.com/lar/fb8d1081fc17c0ec80c936a5da37a94bbdfb.html,铜陵市
228,河池市宜州区人民政府办公室关于印发宜州区鼓励社会力量兴办教育促进民办教育健康发展实施方案的通知,现行有效,地方工作文件,宜州区人民政府,宜政办发[2020]10号,2020.03.17,2020.03.17,https://www.pkulaw.com/lar/f00bfa8457bf9a600cc7cd48272e1711bdfb.html,河池市
229,淮北市人力资源和社会保障局关于印发《2020年全市人力资源社会保障工作要点》的通知,现行有效,地方工作文件,淮北市人力资源和社会保障局,淮人社〔2020〕19号,2020.03.20,2020.03.20,https://www.pkulaw.com/lar/3cecb8dac53b4c8a39cf42c1cdec9a4fbdfb.html,淮北市
230,凤山县人民政府关于印发《凤山县国土空间规划编制工作方案》的通知,现行有效,地方工作文件,凤山县人民政府,凤政办发[2020]7号,2020.03.22,2020.03.22,https://www.pkulaw.com/lar/26f2f8b0f93cb9e428cbfb608cf32c56bdfb.html,凤山县
231,中共嘉峪关市委办公室、嘉峪关市人民政府办公室关于印发《嘉峪关市全面推广福建省和三明市深化医药卫生体系改革经验工作方案》的通知,现行有效,地方工作文件,中共嘉峪关市委;嘉峪关市人民政府,嘉办字〔2020〕46号,2020.06.02,2020.06.02,https://www.pkulaw.com/lar/826d73fa42aaa9b93ce7534bc13f4effbdfb.html,嘉峪关市
232,海北州人民政府办公室关于办理省人大代表建议和政协委员提案的通知,现行有效,地方工作文件,海北藏族自治州人民政府,,2020.06.05,2020.06.05,https://www.pkulaw.com/lar/238d42185cea8640a04ffa6b09272b7ebdfb.html,海北州
233,阿勒泰地区行政公署关于印发阿勒泰地区数字经济发展近期重点任务分工方案的通知,现行有效,地方工作文件,阿勒泰地区行政公署,阿行办发〔2020〕40号,2020.07.24,2020.07.24,https://www.pkulaw.com/lar/7e9f76cece07fb159c9694a16704b7acbdfb.html,阿勒泰地区
234,南京市江北新区管理委员会对市政协十四届三次会议第0201号提案的答复,现行有效,地方工作文件,南京市江北新区管理委员会,宁新区管案〔2020〕42号,2020.07.31,2020.07.31,https://www.pkulaw.com/lar/98a12ae05ccbca35b70c502a49f3ece6bdfb.html,南京市
235,巴马瑶族自治县人民政府办公室关于印发巴马瑶族自治县建立国土空间规划体系并监督实施的实施方案的通知,现行有效,地方工作文件,巴马瑶族自治县人民政府,巴政办发[2020]201号,2020.08.06,2020.08.06,https://www.pkulaw.com/lar/be35071b3411fba3004302fcd77e018ebdfb.html,巴马瑶族自治县
236,通辽市人民政府对自治区十三届人大三次会议第038号建议的答复,现行有效,地方工作文件,通辽市人民政府,,2020.09.21,2020.09.21,https://www.pkulaw.com/lar/e797e8c3db979f06c965eb21a9b7896ebdfb.html,通辽市
237,湘西自治州人民政府办公室关于印发《湘西州落实省人民政府湘政发〔2020〕13号文件精神推进全州产业园区高质量发展责任分工》的通知,现行有效,地方工作文件,湘西土家族苗族自治州人民政府,州政办发[2020]34号,2020.09.30,2020.09.30,https://www.pkulaw.com/lar/e7f50dfe34741d9abaa352eca814734bbdfb.html,湘西自治州
238,岱山县人民政府办公室关于印发岱山县长涂未来社区建设工作方案的通知,现行有效,地方工作文件,岱山县人民政府,岱政办发〔2020〕73号,2020.10.30,2020.10.30,https://www.pkulaw.com/lar/a27cd78e626bb3f413de06595523bf51bdfb.html,岱山县
239,六安市人民政府办公室关于印发《六安市农科院高质量发展三年行动计划(2021―2023)》的通知,废止或失效,地方工作文件,六安市人民政府,六政办秘〔2020〕146号,2020.12.09,2020.12.09,https://www.pkulaw.com/lar/f15760c8066fd533e11d1f0c1465779abdfb.html,六安市
240,高邮市政府办公室关于印发《高邮市大运河文化保护传承利用实施方案》的通知,现行有效,地方工作文件,高邮市人民政府,邮政办发〔2020〕206号,2020.12.30,2020.12.30,https://www.pkulaw.com/lar/34b6c6ab20878c9fae15d14d50ab212abdfb.html,高邮市
241,临海市科技局关于市政协十四届五次会议第010号提案答复的函,现行有效,地方工作文件,临海市人民政府,,2021,2021,https://www.pkulaw.com/lar/d84107d595ed6c7c2e06fa88a0ee26bebdfb.html,临海市
242,兰溪市人民政府关于兰溪市第十六届人大五次会议农林水利27号建议的答复,现行有效,地方工作文件,兰溪市人民政府,,2021,2021,https://www.pkulaw.com/lar/113f2e1e69e4c8219015acc5f846125fbdfb.html,兰溪市
243,阳泉市“十四五”工业高质量发展规划,现行有效,地方工作文件,阳泉市人民政府,阳政发〔2021〕22号,2021,2021,https://www.pkulaw.com/lar/37af164b6115edd38bfc1e0921b26d6abdfb.html,阳泉市
244,鹤山市人民政府办公室印发《关于促进鹤山“侨梦苑”高质量发展工作方案》的通知,现行有效,地方工作文件,鹤山市人民政府,鹤府办〔2021〕4号,2021.01.13,2021.01.13,https://www.pkulaw.com/lar/f59a730877f46638fcea11c8b31f7ff3bdfb.html,鹤山市
245,三亚市人民政府办公室关于印发三亚市2021年房地产市场专项整治工作方案的通知,现行有效,地方工作文件,三亚市人民政府,三府办〔2021〕37号,2021.03.23,2021.03.23,https://www.pkulaw.com/lar/4fb3b5142917ad47ab5957541188ec58bdfb.html,三亚市
246,伊春市人民政府关于印发伊春市国民经济和社会发展第十四个五年规划和二Ｏ三五年远景目标纲要的通知,现行有效,地方工作文件,伊春市人民政府,伊政发[2021]4号,2021.03.27,2021.03.27,https://www.pkulaw.com/lar/00d3e0d6975c95c1f71cd9245dac98c6bdfb.html,伊春市
247,四平市人民政府印发关于加快推进全市开发区高质量发展实施方案的通知,现行有效,地方工作文件,四平市人民政府,四政发〔2021〕3号,2021.04.02,2021.04.02,https://www.pkulaw.com/lar/e1428eaf09c8989288c0e0808665d9d0bdfb.html,四平市
248,黑河市人民政府关于印发《黑河市国民经济和社会发展第十四个五年规划和二〇三五年远景目标纲要》的通知,现行有效,地方工作文件,黑河市人民政府,黑市政发〔2021〕9号,2021.04.16,2021.04.16,https://www.pkulaw.com/lar/08b852b613e87d6e539da7f98b7eaf11bdfb.html,黑河市
249,秦皇岛市工业和信息化局对政协秦皇岛市第十三届委员会第五次会议第135046号提案的答复,现行有效,地方工作文件,秦皇岛市工业和信息化局,秦工信提案字[2021]17号,2021.06.15,2021.06.15,https://www.pkulaw.com/lar/e5493256b35dc85e231bba31e73805f1bdfb.html,秦皇岛市
250,中共金昌市委办公室、金昌市人民政府办公室关于印发《金昌市重点产业链培育工作实施方案(2021—2025年)》及2021年度行动计划的通知,现行有效,地方工作文件,中共金昌市委;金昌市人民政府,,2021.06.24,2021.06.24,https://www.pkulaw.com/lar/2eef28de9970b8fbbdd5606785f3c12bbdfb.html,金昌市
251,惠东县卫生健康局关于惠东县政协十届六次会议第TA2021024号提案的答复,现行有效,地方工作文件,惠东县卫生健康局,,2021.07.30,2021.07.30,https://www.pkulaw.com/lar/074ae1eb31ae5ed53d4c3957d88acd98bdfb.html,惠东县
252,简阳市人民政府办公室关于印发《简阳市服务重点企业、重点项目和纳税大户实施方案》的通知,现行有效,地方工作文件,简阳市人民政府,简府办〔2021〕25号,2021.08.05,2021.08.05,https://www.pkulaw.com/lar/9a210f3446c951404582d819052dcb3bbdfb.html,简阳市
253,长兴县人民政府关于印发长兴县科技创新发展“十四五”规划的通知,现行有效,地方工作文件,长兴县人民政府,长政发〔2021〕77号,2021.09.14,2021.09.14,https://www.pkulaw.com/lar/0844287c057f144c79e04fd0b5420097bdfb.html,长兴县
254,武汉市人民政府关于印发东湖科技保险创新示范区建设实施方案的通知,现行有效,地方工作文件,武汉市人民政府,武政〔2021〕17号,2021.09.22,2021.09.22,https://www.pkulaw.com/lar/8dc0ce9596581d193c0fdc163ed0343dbdfb.html,武汉市
255,枣庄市工业和信息化局关于对市政协十届五次会议第15301号提案的答复,现行有效,地方工作文件,枣庄市工业和信息化局,,2021.09.26,2021.09.26,https://www.pkulaw.com/lar/3c3a87a51330a843b5c24acc3e740259bdfb.html,枣庄市
256,德保县人民政府关于印发德保县国民经济和社会发展第十四个五年规划和二○三五年远景目标纲要的通知,现行有效,地方工作文件,德保县人民政府,德政发〔2021〕10号,2021.09.28,2021.09.28,https://www.pkulaw.com/lar/942982ab16c87dd5746c75fb5d061f61bdfb.html,德保县
257,荆门市人民政府办公室关于印发鼓励支持各类科创主体入驻荆楚科创城政策措施等文件的通知,部分废止或失效,地方工作文件,荆门市人民政府,荆政办发[2021]31号,2021.10.25,2021.10.25,https://www.pkulaw.com/lar/273aa261d5d3fd6c72641c99d810ade4bdfb.html,荆门市
258,柳城县人民政府关于印发《柳城县国民经济和社会发展第十四个五年规划和2035年远景目标纲要》的通知,现行有效,地方工作文件,柳城县人民政府,柳城政发〔2021〕18号,2021.11.20,2021.11.20,https://www.pkulaw.com/lar/7fbeaee14031aa367b379d2f872115fabdfb.html,柳城县
259,河南省人民政府关于印发把兰考县纳入郑开同城化进程打造全国县域治理“三起来”样板总体方案及3个专项规划和行动方案的通知,现行有效,地方工作文件,河南省人民政府,豫政[2021]34号,2021.12.14,2021.12.14,https://www.pkulaw.com/lar/27b6e2eb12208fe1abd5698245af2d30bdfb.html,兰考县
260,湘潭市人民政府办公室关于印发《湘潭市“十四五”服务业发展规划》的通知,现行有效,地方工作文件,湘潭市人民政府,潭政办发[2021]46号,2021.12.17,2021.12.17,https://www.pkulaw.com/lar/d46c1b978ee38b64dd30ab17f7a6ab04bdfb.html,湘潭市
261,揭阳市人民政府关于印发揭阳市先进制造业发展和信息化“十四五”规划的通知,现行有效,地方工作文件,揭阳市人民政府,揭府[2021]49号,2021.12.23,2021.12.23,https://www.pkulaw.com/lar/a1bb1dc9340c8267f985789a0e06aea7bdfb.html,揭阳市
262,诸暨市人民政府办公室关于印发《诸暨市商务高质量发展“十四五”规划》的通知,现行有效,地方工作文件,诸暨市人民政府,诸政办发〔2021〕61号,2021.12.31,2021.12.31,https://www.pkulaw.com/lar/a5355db7424031131c354857d656ac8fbdfb.html,诸暨市
263,吉林市发展和改革委员会关于“加快推进我市现代物流产业高质量发展”建议的答复,现行有效,地方工作文件,吉林市发展和改革委员会,,2022,2022,https://www.pkulaw.com/lar/1e87ee3720aee7fe9cc5af6eb2e01f75bdfb.html,吉林市
264,喀什地区行政公署关于印发《喀什地区卫生健康事业“十四五”发展规划》和《喀什地区“十四五”残疾人保障和发展规划》的通知,现行有效,地方工作文件,喀什地区行政公署,喀署办发〔2022〕8号,2022.02.09,2022.02.09,https://www.pkulaw.com/lar/a31314f2539ba05d2ac17e24ed73e2c3bdfb.html,喀什地区
265,定州市人民政府办公室印发《关于落实＜河北省建设全国现代商贸物流重要基地“十四五”规划＞实施方案》的通知,现行有效,地方工作文件,定州市人民政府,定政办字〔2022〕17号,2022.02.12,2022.02.12,https://www.pkulaw.com/lar/78bdaedbdd6470559882c0e50afd19ccbdfb.html,定州市
266,吴忠市人民政府办公室关于印发吴忠市教育事业发展“十四五”规划的通知,现行有效,地方工作文件,吴忠市人民政府,吴政办发〔2022〕6号,2022.02.23,2022.02.23,https://www.pkulaw.com/lar/409df74c09e96336d0adba6b4bb92edebdfb.html,吴忠市
267,盐城市大丰区人民政府办公室关于印发盐城市大丰区规上企业智能化改造和数字化转型三年行动计划(2022―2024年)的通知,现行有效,地方工作文件,盐城市大丰区人民政府（原大丰市人民政府）,大政办发〔2022〕25号,2022.03.09,2022.03.09,https://www.pkulaw.com/lar/2e2a0a03541def1d0cbc9a683b795ae8bdfb.html,盐城市
268,白山市人民政府关于印发“专精特新”中小企业高质量发展梯度培育工程实施方案的通知,现行有效,地方工作文件,白山市人民政府,白山政发〔2022〕5号,2022.03.22,2022.03.22,https://www.pkulaw.com/lar/8de382f023fdbe5b3b635ffc45dfb749bdfb.html,白山市
269,潜江市人民政府办公室关于印发潜江市国民经济和社会发展第十四个五年规划和二〇三五年远景目标纲要任务分工方案的通知,现行有效,地方工作文件,潜江市人民政府,潜政办发〔2022〕6号,2022.04.01,2022.04.01,https://www.pkulaw.com/lar/71f4932cd7f9e6e6118951aa8b6d65cbbdfb.html,潜江市
270,铁岭市营商环境建设局对市政协九届一次会议第912059号提案的答复：关于促进我市数字经济健康发展的建议,现行有效,地方工作文件,铁岭市营商环境建设局,,2022.04.22,2022.04.22,https://www.pkulaw.com/lar/64d7acc1ff978774cb4697cc0295dcd4bdfb.html,铁岭市
271,宝应县教育局关于“落实‘人才兴县’战略以促进我县高中拔尖创新人才培养”的建议,现行有效,地方工作文件,宝应县教育局,,2022.05.12,2022.05.12,https://www.pkulaw.com/lar/aed53ae25119824fd53b99dd463b22a1bdfb.html,宝应县
272,蒙山县人民政府办公室关于对市政协十三届二次会议《关于做优做强茧丝绸产业的建议》(第46号提案)办理情况的答复,现行有效,地方工作文件,广西梧州蒙山县人民政府,蒙政办[2022]58号,2022.05.13,2022.05.13,https://www.pkulaw.com/lar/3347cd2f085d5d63ce9fd49fb874a55ebdfb.html,蒙山县
273,荆州市人民政府关于印发荆州市教育事业发展“十四五”规划的通知,现行有效,地方工作文件,荆州市人民政府,荆政函〔2022〕48号,2022.05.18,2022.05.18,https://www.pkulaw.com/lar/09ac865dbff16f73189d6cec3c15a3e5bdfb.html,荆州市
274,三门峡市人民政府办公室关于印发三门峡市稳经济支持企业发展若干措施的通知,现行有效,地方工作文件,三门峡市人民政府,三政办〔2022〕16号,2022.06.05,2022.06.05,https://www.pkulaw.com/lar/31e3fb2974bfa36c3b675a6312440f90bdfb.html,三门峡市
275,鄂州市人民政府对省政协十二届五次会议第20220076号提案会办工作的意见,现行有效,地方工作文件,鄂州市人民政府,,2022.06.10,2022.06.10,https://www.pkulaw.com/lar/9322402aaf19dfecca7cf7cf059d1f6fbdfb.html,鄂州市
276,阳江市人民政府关于印发阳江市工业振兴三年行动方案(2022―2024年)的通知,现行有效,地方工作文件,阳江市人民政府,阳府函〔2022〕214号,2022.06.21,2022.06.21,https://www.pkulaw.com/lar/f5917d6fd23e473ecc2535b04d0f098fbdfb.html,阳江市
277,嵊州市人力资源和社会保障局关于市人大十七届一次会议第61号建议的答复,现行有效,地方工作文件,嵊州市人力资源和社会保障局,,2022.06.27,2022.06.27,https://www.pkulaw.com/lar/c4f292727a32d7473b49b9847450130cbdfb.html,嵊州市
278,潮州市卫生健康局关于市人大第十六届人民代表大会第一次会议第16号建设答复的函,现行有效,地方工作文件,潮州市卫生健康局,,2022.07.05,2022.07.05,https://www.pkulaw.com/lar/b282b4d5ebb3238745fd558898dcd2a9bdfb.html,潮州市
279,云和县教育局关于县十七届人大一次会议总字第175号建议的答复(A2),现行有效,地方工作文件,云和县教育局,,2022.07.12,2022.07.12,https://www.pkulaw.com/lar/b21726724ad66e19e16e3bf67cdffb9dbdfb.html,云和县
280,长白山管委会办公室关于印发长白山保护开发区加快推进三级综合医院建设实施方案的通知,现行有效,地方工作文件,吉林省长白山保护开发区管理委员会,长管办发〔2022〕18号,2022.07.19,2022.07.19,https://www.pkulaw.com/lar/de7c8864d0d3bad643a636e498eace4ebdfb.html,长白山市
281,南丹县人民政府关于印发南丹县工业和信息化发展“十四五”规划的通知,现行有效,地方工作文件,南丹县人民政府,丹政发〔2022〕22号,2022.07.20,2022.07.20,https://www.pkulaw.com/lar/363daa19be6290ba2a931625d799a345bdfb.html,南丹县
282,舟山市定海区人民政府关于加快进文化旅游业高质量发展的实施意见,现行有效,地方工作文件,舟山市定海区人民政府,定政发〔2022〕18号,2022.07.21,2022.07.21,https://www.pkulaw.com/lar/92ee623b0b30c54285d46a273761be89bdfb.html,舟山市
283,永嘉县人民政府关于对县十七届人大一次会议第1004号代表建议的答复函,现行有效,地方工作文件,永嘉县人民政府,永经信函〔2022〕28号,2022.07.25,2022.07.25,https://www.pkulaw.com/lar/f4022f6c789e400d1a63bc80ae0c4424bdfb.html,永嘉县
284,长春市农业农村局对市十六届人大一次会议第225号代表建议的答复,现行有效,地方工作文件,长春市农业农村局,,2022.07.26,2022.07.26,https://www.pkulaw.com/lar/2dea87371f1747a6e423c79dd47aa722bdfb.html,长春市
285,凌云县人民政府办公室关于印发《凌云县统筹推进农村物流高质量发展工作实施方案(2022—2025年)》的通知,现行有效,地方工作文件,凌云县人民政府,凌政办发〔2022〕45号,2022.08.08,2022.08.08,https://www.pkulaw.com/lar/b58660caa096cf8c36d29c13d54da1dfbdfb.html,凌云县
286,横州市人民政府办公室关于印发横州市统筹推进农村物流高质量发展实施方案(2022—2025年)的通知,现行有效,地方工作文件,横州市人民政府,横政办发〔2022〕22号,2022.09.01,2022.09.01,https://www.pkulaw.com/lar/ab27ead2d5a218bf5fb89e536ce6bb7fbdfb.html,横州市
287,曲靖市人民政府办公室关于印发数字曲靖发展规划(2021―2025年)的通知,现行有效,地方工作文件,曲靖市人民政府,曲政办发〔2022〕83号,2022.09.16,2022.09.16,https://www.pkulaw.com/lar/eca1c67b1279f4e72eeed2051a68ff0abdfb.html,曲靖市
288,菏泽市人民政府办公室关于印发菏泽市落实山东省国家中医药综合改革示范区建设实施方案的通知,现行有效,地方工作文件,菏泽市人民政府,菏政办字〔2022〕46号,2022.09.26,2022.09.26,https://www.pkulaw.com/lar/d664c81cc99a820a44dcff8834517548bdfb.html,菏泽市
289,大化瑶族自治县人民政府办公室关于印发大化瑶族自治县统筹推进农村物流高质量发展行动方案(2022—2025年)的通知,现行有效,地方工作文件,大化瑶族自治县人民政府,大政办发〔2022〕56号,2022.09.28,2022.09.28,https://www.pkulaw.com/lar/b0875835d913bb5e4213e66ed8774cc5bdfb.html,大化瑶族自治县
290,藤县人民政府办公室关于印发藤县绿色新材料产业园区“十四五”产业发展规划的通知,现行有效,地方工作文件,广西梧州藤县人民政府,藤政办发〔2022〕63号,2022.10.13,2022.10.13,https://www.pkulaw.com/lar/117306d6b0abde1391e618ec835ca4b9bdfb.html,藤县
291,天等县人民政府办公室关于印发2022年天等县优化营商环境行动方案的通知,现行有效,地方工作文件,天等县人民政府,天政办发〔2022〕26号,2022.10.31,2022.10.31,https://www.pkulaw.com/lar/7cc5aa9e3211cd440ec9a28fed4b1af8bdfb.html,天等县
292,大理白族自治州人民政府办公室关于印发大理州贯彻云南省“十四五”就业促进规划实施方案的通知,现行有效,地方工作文件,大理白族自治州人民政府,大政办发〔2022〕65号,2022.11.14,2022.11.14,https://www.pkulaw.com/lar/ee1f2ce9565ef8e947a4fb46fc2eff2abdfb.html,大理州
293,德清县人民政府办公室关于加快推进邮政快递行业健康发展的实施意见,废止或失效,地方工作文件,德清县人民政府,德政办发〔2022〕65号,2022.10.18,2022.11.17,https://www.pkulaw.com/lar/3ee3567af0e361d69696d3ccfde13543bdfb.html,德清县
294,临沧市人民政府办公室关于印发临沧市“十四五”现代产业体系建设规划的通知,现行有效,地方工作文件,临沧市人民政府,临政办发〔2022〕97号,2022.11.24,2022.11.24,https://www.pkulaw.com/lar/63e4749fdc270416628a8259d464a3bcbdfb.html,临沧市
295,德州市人民政府办公室关于印发德州市建筑业全产业链高质量发展行动方案的通知,现行有效,地方工作文件,德州市人民政府,德政办字〔2022〕56号,2022.12.12,2022.12.12,https://www.pkulaw.com/lar/7c0a0074308fb1adb42f0a2895fd15f6bdfb.html,德州市
296,武义县人民政府对县政协十届一次会议第73号提案的答复,现行有效,地方工作文件,武义县人民政府,,2023,2023,https://www.pkulaw.com/lar/fedef3fe3d57100c483de9a8c024105bbdfb.html,武义县
297,包头市人力资源和社会保障局关于发布《包头市2023年高层次和紧缺急需人才需求目录(第一批)》的公告,现行有效,地方工作文件,包头市人力资源和社会保障局,,2023.01.30,2023.01.30,https://www.pkulaw.com/lar/e3a087f056049b21a3ce36446dc60a8fbdfb.html,包头市
298,灵山县人民政府办公室关于印发灵山县创建全国基层中医药工作示范县工作方案的通知,现行有效,地方工作文件,灵山县人民政府,灵政办函〔2023〕8号,2023.04.02,2023.04.02,https://www.pkulaw.com/lar/7d39b60feb4d1ccaab431fed6e1e4c6abdfb.html,灵山县
299,许昌市人民政府关于印发许昌市“十四五”数字经济和信息化发展规划的通知,现行有效,地方工作文件,许昌市人民政府,许政[2023]14号,2023.04.06,2023.04.06,https://www.pkulaw.com/lar/029d1417473ef2b535172db5140303ecbdfb.html,许昌市
300,周口市人民政府关于印发加快建设体育周口实施方案的通知,现行有效,地方工作文件,周口市人民政府,周政〔2023〕20号,2023.05.12,2023.05.12,https://www.pkulaw.com/lar/de2aeaa964de6afb387a6aa350031ed1bdfb.html,周口市
301,博尔塔拉蒙古自治州人民政府印发《关于加强自治州新时代教师队伍建设行动计划(2023—2025)》的通知,现行有效,地方工作文件,博尔塔拉蒙古自治州人民政府,博州政办发〔2023〕39号,2023.05.12,2023.05.12,https://www.pkulaw.com/lar/247b2df3273866cb16abbba9446080b6bdfb.html,博尔塔拉蒙古自治州
302,宿州市卫生健康委关于宿州市人大六届二次会议第037号建议的答复,现行有效,地方工作文件,宿州市卫生健康委员会,,2023.05.22,2023.05.22,https://www.pkulaw.com/lar/1dd5e6f3fd5aea6dbdc6d1cb0b29af7bbdfb.html,宿州市
303,象山县人力资源和社会保障局关于县政协十一届二次会议第157号提案的答复,现行有效,地方工作文件,象山县人力资源和社会保障局,,2023.05.25,2023.05.25,https://www.pkulaw.com/lar/8009ccf8fd83e12c6ccfe8aeee3b8276bdfb.html,象山县
304,庆元县人民政府对县政协十届第二次会议第96号提案的答复,现行有效,地方工作文件,庆元县人民政府,,2023.06.21,2023.06.21,https://www.pkulaw.com/lar/c0cf9960a5ad9fd9188ffa484389bf36bdfb.html,庆元县
305,郁南县人民政府办公室关于印发郁南县人力资源和社会保障事业发展“十四五”规划的通知,现行有效,地方工作文件,郁南县人民政府,郁府办〔2023〕10号,2023.06.30,2023.06.30,https://www.pkulaw.com/lar/287c2c6f46689eab18702063192af9bbbdfb.html,郁南县
306,儋州市人民政府办公室关于印发《儋州(洋浦)应急管理“十四五”规划》的通知,现行有效,地方工作文件,儋州市人民政府,儋府办〔2023〕29号,2023.08.08,2023.08.08,https://www.pkulaw.com/lar/407d5dc45476dcff46667ed9a10006b6bdfb.html,儋州市
307,如东县政府办公室关于印发如东县贯彻落实《南通市基层医疗卫生服务能力三年行动方案(2023―2025)》实施方案的通知,现行有效,地方工作文件,如东县人民政府,东政办发〔2023〕111号,2023.11.27,2023.11.27,https://www.pkulaw.com/lar/b4fe56b6977c163f9df91507ebdae6bebdfb.html,如东县
308,淳安县人民政府关于县政协十届三次会议第23号提案的答复,现行有效,地方工作文件,淳安县人民政府,,2024,2024,https://www.pkulaw.com/lar/4b00a403fb72fbd543160b2d05cdc59fbdfb.html,淳安县
309,遵义市人民政府关于六届人大四次会议第93号建议的答复,现行有效,地方工作文件,遵义市人民政府,,2024,2024,https://www.pkulaw.com/lar/05d1cfcf0ef2fa63eae20fa9f1fb9031bdfb.html,遵义市
310,桐庐县人民政府关于印发《桐庐县推进以县城为重要载体的城镇化建设五年行动计划(2023―2027)》的通知,现行有效,地方工作文件,桐庐县人民政府,桐政发〔2024〕14号,2024.04.11,2024.04.11,https://www.pkulaw.com/lar/30b855e9ab6ef9574a68b9979ae51a57bdfb.html,桐庐县
311,田东县人民政府关于印发《田东县推进新型工业化发展三年行动方案(2024—2026年)》的通知,现行有效,地方工作文件,田东县人民政府,东政发〔2024〕12号,2024.04.25,2024.04.25,https://www.pkulaw.com/lar/014bbda872ddddc92d5c5b73145b56dfbdfb.html,田东县
312,漳州市教育局关于市政协十四届二次会议第20243016号提案办理情况的答复,现行有效,地方工作文件,漳州市教育局,,2024.06.11,2024.06.11,https://www.pkulaw.com/lar/e81fecce7f5e557f6b66c8825d450f2abdfb.html,漳州市
313,常山县人民政府关于加强民间文化艺术传承和保护的建议的答复,现行有效,地方工作文件,常山县人民政府,,2024.06.25,2024.06.25,https://www.pkulaw.com/lar/2f50d080ce5e956dc81d8ce8007e4befbdfb.html,常山县
314,浙江省人力资源和社会保障厅对省十四届人大二次会议温133号建议的答复,现行有效,地方工作文件,浙江省人力资源和社会保障厅,,2024.07.10,2024.07.10,https://www.pkulaw.com/lar/26da976ed031a67c58130f307f76775abdfb.html,温州市
315,扶绥县人民政府办公室关于印发2024年扶绥县优化营商环境工作要点的通知,现行有效,地方工作文件,扶绥县人民政府,扶政办发〔2024〕12号,2024.08.26,2024.08.26,https://www.pkulaw.com/lar/f0e5f6e7957d5b92a5807244eea30cb6bdfb.html,扶绥县
316,果洛州人民政府办公室关于印发《果洛藏族自治州国土空间总体规划(2021—2035年)》的通知,现行有效,地方工作文件,果洛藏族自治州人民政府,果政办〔2024〕74号,2024.09.12,2024.09.12,https://www.pkulaw.com/lar/a60b0fb454c2888d52e7db9a7bcceee0bdfb.html,果洛州
317,朝阳区人民政府关于推动教育高质量发展，加强教育人才队伍建设情况的报告,现行有效,地方工作文件,北京市朝阳区人大(含常委会),,2024.10.24,2024.10.24,https://www.pkulaw.com/lar/fc63ccdcde9ef8d48f8da114f1a5db58bdfb.html,朝阳市
318,海西州人民政府办公室关于印发《海西州贯彻落实＜青海省促进建筑业高质量发展若干措施＞工作方案》的通知,现行有效,地方工作文件,海西蒙古族藏族自治州人民政府,西政办〔2024〕58号,2024.10.11,2024.11.11,https://www.pkulaw.com/lar/71a8c920f40d776d069e0c164994e13cbdfb.html,海西州
